Trajectories,,,,,,,,,,,,,,,,,,,,,,,,,,,,,,,,,,,,,,,,,,,
150,,,,,,,,,,,,,,,,,,,,,,,,,,,,,,,,,,,,,,,,,,,
,,Snake_88:Head_M1,,,Snake_88:M2,,,Snake_88:M3,,,Snake_88:M4,,,Snake_88:M5,,,Snake_88:M6,,,Snake_88:M7,,,Snake_88:M8,,,Snake_88:M9,,,Snake_88:Vent_M10,,,Branch:OriginEnd,,,Branch:TargetEnd,,,Branch:OriginOther,,,Branch:TargetOther,,
Frame,Sub Frame,X,Y,Z,X,Y,Z,X,Y,Z,X,Y,Z,X,Y,Z,X,Y,Z,X,Y,Z,X,Y,Z,X,Y,Z,X,Y,Z,X,Y,Z,X,Y,Z,X,Y,Z,X,Y,Z
,,mm,mm,mm,mm,mm,mm,mm,mm,mm,mm,mm,mm,mm,mm,mm,mm,mm,mm,mm,mm,mm,mm,mm,mm,mm,mm,mm,mm,mm,mm,mm,mm,mm,mm,mm,mm,mm,mm,mm,mm,mm,mm
13613,0,-399.06,-161.041,266.75,-497.937,-149.004,266.638,-583.579,-184.155,267.556,-674.914,-178.43,278.467,-775.492,-154.133,265.91,,,,,,,,,,,,,,,,-209.576,-135.786,246.871,,,,-882.667,-186.131,267.219,661.075,-64.7404,262.86
13614,0,-394.56,-162.58,266.637,-493.693,-146.932,266.686,-579.432,-183.388,267.768,-670.004,-179.808,278.357,-771.331,-153.787,266.486,,,,,,,,,,,,,,,,-209.527,-135.929,246.857,,,,-882.667,-186.13,267.219,661.075,-64.7409,262.86
13615,0,-390.326,-161.28,266.577,-489.343,-145.477,266.788,-575.022,-182.606,267.943,-665.302,-180.943,278.724,-766.542,-154.891,266.862,,,,,,,,,,,,,,,,-209.494,-136.129,246.875,,,,-882.637,-186.194,267.209,661.062,-64.7307,262.853
13616,0,-385.763,-161.433,266.364,-484.897,-144.061,267.191,-570.75,-181.528,267.637,-660.335,-181.697,278.742,-762.039,-155.842,267.392,,,,,,,,,,,,,,,,-209.48,-136.323,246.848,,,,-882.632,-186.204,267.199,661.062,-64.7305,262.853
13617,0,-380.911,-161.352,266.267,-479.897,-144,267.253,-566.611,-180.047,267.936,,,,-757.577,-156.176,268.319,,,,,,,,,,,,,,,,-209.436,-136.491,246.819,,,,-882.599,-186.268,267.217,661.059,-64.7037,262.854
13618,0,-376.363,-161.7,266.298,-475.262,-143.28,267.575,-562.324,-178.039,267.924,,,,-753.304,-157,269.21,,,,,,,,,,,,,,,,-209.415,-136.592,246.802,,,,-882.601,-186.271,267.188,661.051,-64.7111,262.853
13619,0,-371.459,-161.429,266.182,-469.987,-144.628,267.723,,,,,,,-748.918,-158.003,269.871,,,,,,,,,,,,,,,,-209.398,-136.702,246.792,,,,-882.568,-186.335,267.205,661.052,-64.7165,262.844
13620,0,-366.506,-161.709,266.01,-464.609,-144.85,267.229,,,,,,,-744.367,-159.568,270.528,,,,,,,,,,,,,,,,-209.367,-136.836,246.776,,,,-882.553,-186.44,267.192,661.042,-64.7386,262.843
13621,0,-361.821,-160.751,266.075,-460.337,-144.142,267.487,,,,,,,-740.148,-161.442,271.338,,,,,,,,,,,,,,,,-209.348,-136.881,246.751,,,,-882.551,-186.446,267.191,661.052,-64.7169,262.844
13622,0,-357.071,-160.42,266.044,-456.152,-143.551,267.53,-545.835,-168.883,268.369,,,,-735.614,-163.176,271.95,,,,,,,,,,,,,,,,-209.351,-136.996,246.762,,,,-882.522,-186.506,267.182,661.052,-64.7164,262.844
13623,0,-352.503,-159.943,265.757,-451.385,-143.986,267.785,-540.779,-167.679,268.298,,,,-731.143,-165.161,272.503,,,,,,,,,,,,,,,,-209.339,-137.087,246.744,,,,-882.49,-186.575,267.171,661.055,-64.7051,262.844
13624,0,-347.892,-159.397,265.946,-446.668,-144.299,267.792,-537.286,-164.411,268.524,,,,-726.858,-167.139,272.922,,,,,,,,,,,,,,,,-209.321,-137.138,246.77,,,,-882.506,-186.615,267.168,661.068,-64.7122,262.845
13625,0,-342.877,-159.314,266.029,-442.195,-144.794,268.009,-532.622,-163.042,268.284,,,,-722.498,-168.859,273.724,,,,,,,,,,,,,,,,-209.302,-137.213,246.773,,,,-882.507,-186.615,267.168,661.055,-64.7051,262.844
13626,0,-338.201,-158.681,266.196,-436.86,-146.12,268.219,-528.89,-160.225,268.608,,,,-717.877,-171.253,274.455,,,,,,,,,,,,,,,,-209.293,-137.249,246.764,,,,-882.477,-186.677,267.158,661.052,-64.7164,262.844
13627,0,-333.801,-158.581,266.017,-432.162,-147.534,268.054,-524.318,-158.538,268.99,,,,-713.294,-173.622,274.829,,,,,,,,,,,,,,,,-209.293,-137.251,246.774,,,,-882.492,-186.719,267.155,661.055,-64.7052,262.844
13628,0,-328.935,-158.403,265.77,-427.591,-148.662,267.948,-520.735,-155.214,269.452,-604.268,-190.087,273.209,-709.181,-175.95,275.779,,,,,,,,,,,,,,,,-209.323,-137.174,246.77,,,,-882.49,-186.724,267.146,661.055,-64.705,262.844
13629,0,-323.982,-158.462,266.074,-423.158,-150.233,267.329,-516.173,-153.572,269.712,-600.503,-188.308,273.185,,,,,,,,,,,,,,,,,,,-209.339,-137.09,246.753,,,,-882.51,-186.755,267.153,661.068,-64.7123,262.845
13630,0,-319.314,-158.064,266.156,-418.358,-151.543,266.727,-511.384,-152.326,270.017,-595.696,-188.019,272.949,,,,,,,,,,,,,,,,,,,-209.353,-137.036,246.771,,,,-882.527,-186.794,267.151,661.068,-64.7124,262.845
13631,0,-314.717,-157.983,266.281,-413.893,-153.319,266.118,-507.036,-150.441,270.505,,,,,,,,,,-873.783,-191.83,278.21,,,,,,,,,,-209.389,-137.023,246.771,,,,-882.571,-186.771,267.186,661.055,-64.7051,262.844
13632,0,-310.105,-157.976,266.198,-409.283,-155.183,265.383,-502.483,-148.711,270.398,,,,-690.438,-182.344,278.631,,,,-869.309,-190.136,277.868,,,,,,,,,,-209.401,-136.993,246.784,,,,-882.608,-186.84,267.183,661.055,-64.705,262.844
13633,0,-305.339,-157.65,266.546,-404.412,-156.053,264.496,-497.803,-145.923,270.7,,,,-685.873,-183.45,279.268,,,,-865.152,-188.224,277.711,,,,,,,,,,-209.451,-136.93,246.811,,,,-882.606,-186.846,267.182,661.055,-64.7051,262.844
13634,0,-300.469,-158.341,266.486,-400.228,-158.379,264.461,-492.917,-144.854,270.773,,,,-681.387,-184.593,279.68,,,,-860.93,-185.964,277.513,,,,,,,,,,-209.451,-136.911,246.847,,,,-882.654,-186.818,267.19,661.055,-64.7051,262.844
13635,0,-295.498,-158.157,266.9,,,,-488.214,-143.386,270.525,,,,-676.558,-185.268,279.839,,,,-856.745,-183.757,277.413,,,,,,,,,,-209.5,-136.9,246.851,,,,-882.673,-186.851,267.188,661.055,-64.7051,262.844
13636,0,-291.155,-157.542,266.88,,,,-483.679,-141.64,270.694,,,,-671.644,-185.938,279.521,,,,-852.616,-181.628,276.978,,,,,,,,,,-209.533,-136.912,246.88,,,,-882.689,-186.892,267.186,661.055,-64.7051,262.844
13637,0,-286.757,-156.079,267.122,-386.608,-161.067,263.062,-479.334,-141.396,270.813,-564.21,-178.4,270.423,-666.943,-186.646,279.591,,,,-848.306,-179.643,276.307,,,,,,,,,,-209.544,-136.882,246.893,,,,-882.719,-186.83,267.196,661.042,-64.6968,262.849
13638,0,-282.074,-155.215,267.542,-382.374,-162.104,262.688,-473.853,-142.35,271.165,-558.803,-178.478,270.291,-662.074,-186.847,279.531,,,,-844.253,-177.805,275.986,,,,,,,,,,-209.557,-136.891,246.916,,,,-882.754,-186.754,267.216,661.045,-64.6854,262.849
13639,0,-277.682,-154.825,267.738,-377.954,-162.912,262.589,-468.75,-143,271.394,-553.857,-177.769,270.538,-657.444,-187.481,278.96,,,,-839.937,-175.799,275.544,,,,,,,,,,-209.59,-136.9,246.936,,,,-882.77,-186.792,267.205,661.056,-64.7044,262.85
13640,0,-273.132,-154.343,267.779,-373.3,-163.538,262.421,-464.047,-143.787,271.502,-549.914,-175.363,270.437,-653.165,-187.316,278.418,,,,-835.949,-173.941,274.805,,,,,,,,,,-209.596,-136.914,246.916,,,,-882.738,-186.862,267.194,661.048,-64.7124,262.848
13641,0,-268.549,-154.043,267.948,-368.688,-163.814,261.98,-459.413,-144.851,271.786,-546.058,-173.327,270.604,-648.703,-187.094,277.988,,,,-831.842,-171.668,273.993,,,,,,,,,,-209.586,-136.928,246.941,,,,-882.767,-186.803,267.204,661.066,-64.7205,262.844
13642,0,-264.145,-153.646,267.878,-364.199,-163.632,261.581,-455.054,-145.074,271.824,-542.143,-171.316,270.955,-644.428,-187.239,277.331,,,,-828.261,-170.049,273.332,,,,,,,,,,-209.577,-136.961,246.933,,,,-882.752,-186.758,267.207,661.055,-64.7052,262.844
13643,0,-259.209,-153.502,267.574,-359.635,-163.293,261.216,-450.032,-147.275,271.649,-537.964,-169.579,270.81,-640.03,-187.473,277.099,,,,,,,,,,,,,,,,-209.575,-136.955,246.918,,,,-882.752,-186.757,267.207,661.055,-64.7049,262.844
13644,0,-254.492,-153.416,267.151,-354.974,-162.98,260.96,-445.508,-148.416,271.361,,,,-635.515,-187.853,276.581,,,,-820.048,-165.445,272.004,,,,,,,,,,-209.537,-136.928,246.909,,,,-882.719,-186.68,267.22,661.068,-64.7123,262.845
13645,0,-249.895,-152.89,266.673,-350.603,-162.634,260.99,-440.75,-150.209,271.346,,,,-630.977,-187.687,276.422,,,,-816.182,-163.497,271.078,,,,,,,,,,-209.535,-136.92,246.894,,,,-882.701,-186.643,267.214,661.068,-64.7095,262.838
13646,0,-245.21,-152.244,266.862,-346.03,-162.742,261.013,-436.633,-150.24,270.718,-526.571,-163.949,271.727,-626.813,-188.033,275.518,,,,,,,,,,,,,,,,-209.503,-136.907,246.865,,,,-882.683,-186.606,267.216,661.055,-64.7051,262.844
13647,0,-240.749,-151.741,266.571,-341.774,-162.547,260.541,-432.509,-152.163,270.309,-522.769,-162.047,271.973,-622.22,-188.712,274.721,,,,,,,,,,,,,,,,-209.478,-136.884,246.857,,,,-882.649,-186.531,267.221,661.051,-64.7167,262.843
13648,0,-236.978,-150.911,266.68,-337.431,-162.514,260.17,-427.796,-154.743,269.681,-518.347,-161.434,272.411,-618.104,-188.26,274.037,,,,,,,,,,,,,,,,-209.422,-136.789,246.832,,,,-882.615,-186.454,267.226,661.051,-64.7169,262.843
13649,0,-232.534,-149.527,266.932,-333.064,-162.365,260.282,-423.778,-156.165,268.847,-514.217,-160.134,272.462,,,,,,,-800.697,-157.215,269.05,,,,,,,,,,-209.398,-136.765,246.787,,,,-882.571,-186.476,267.19,661.06,-64.747,262.844
13650,0,-227.796,-148.843,266.439,-328.96,-161.586,260.616,-419.897,-157.51,267.882,-509.684,-159.578,272.94,,,,,,,-796.748,-155.688,268.801,,,,,,,,,,-209.359,-136.672,246.741,,,,-882.552,-186.444,267.191,661.072,-64.7468,262.849
13651,0,-223.556,-147.76,265.811,-324.897,-160.729,261.15,-415.569,-160.005,266.903,-505.759,-158.657,272.839,,,,,,,-792.766,-154.594,268.781,,,,,,,,,,-209.325,-136.646,246.698,,,,-882.518,-186.367,267.196,661.062,-64.728,262.846
13652,0,-219.302,-146.584,265.242,-320.542,-159.767,261.476,-411.942,-160.989,266.124,-502.02,-157.133,272.511,-601.015,-187.892,271.116,,,,-788.703,-154.216,268.511,,,,,,,,,,-209.304,-136.569,246.673,,,,-882.502,-186.326,267.199,661.05,-64.7117,262.851
13653,0,-214.674,-145.324,263.868,-316.153,-158.93,261.974,-408.049,-162.427,265.107,,,,-597.044,-187.725,270.78,,,,-784.82,-153.867,268.455,,,,,,,,,,-209.236,-136.508,246.658,,,,-882.486,-186.291,267.165,661.05,-64.7112,262.853
13654,0,-210.559,-143.619,262.729,-311.679,-159.109,262.802,-403.834,-164.254,264.269,-494.186,-155.463,272.434,,,,,,,-780.857,-153.329,268.536,,,,,,,,,,-209.171,-136.324,246.6,,,,-882.438,-186.318,267.157,661.072,-64.7107,262.854
13655,0,-206.508,-143.042,261.247,-307.538,-158.298,263.544,-399.489,-165.911,263.449,,,,,,,,,,-776.842,-153.475,268.348,-866.318,-188.676,276.522,,,,,,,-209.153,-136.312,246.534,,,,-882.399,-186.252,267.15,661.067,-64.7072,262.853
13656,0,-203.117,-142.251,259.975,-303.263,-157.771,264.415,-395.811,-166.31,262.908,-485.262,-156.15,271.862,-584.996,-185.153,269.743,,,,-772.979,-153.175,268.679,,,,,,,,,,-209.152,-136.336,246.357,,,,-882.387,-186.208,267.127,661.054,-64.7,262.852
13657,0,-198.991,-141.581,258.554,-299.318,-156.855,265.319,-391.803,-167.484,262.487,-481.436,-156.098,271.577,-581.174,-184.564,269.475,,,,-769.09,-153.947,268.649,,,,,,,,,,-209.151,-136.316,246.297,,,,-882.34,-186.234,267.119,661.058,-64.7148,262.852
13658,0,-195.246,-140.882,257.367,-295.277,-156.526,266.338,-387.631,-167.691,261.97,-477.203,-156.003,271.931,-577.397,-183.887,268.898,,,,-765.394,-154.115,268.932,,,,,,,,,,-209.15,-136.276,246.296,,,,-882.368,-186.174,267.127,661.045,-64.7078,262.851
13659,0,-191.802,-140.247,255.982,,,,-383.812,-168.169,261.832,-473.495,-156.273,271.845,-573.64,-182.197,269.214,,,,-761.321,-154.788,269.369,,,,,,,,,,-209.165,-136.223,246.271,,,,-882.353,-186.131,267.132,661.05,-64.7033,262.857
13660,0,-188.086,-139.58,254.317,-287.654,-153.785,267.872,-379.835,-168.302,261.349,-469.298,-156.604,271.759,-569.907,-180.848,269.162,,,,-757.652,-155.182,269.536,,,,,,,,,,-209.177,-136.231,246.174,,,,-882.353,-186.13,267.132,661.048,-64.7171,262.869
13661,0,-184.647,-139.099,252.112,-283.499,-152.876,268.649,-376.23,-168.693,261.368,-465.179,-157.406,271.509,-565.907,-179.898,269.147,,,,-753.955,-155.969,269.756,,,,,,,,,,-209.142,-136.301,245.938,,,,-882.353,-186.132,267.131,661.054,-64.7002,262.852
13662,0,-181.737,-138.505,249.987,-279.873,-152.089,269.462,-372.242,-168.657,261.345,-461.492,-157.406,271.31,-562.224,-178.924,269.208,,,,-750.267,-156.891,270.079,-841.96,-173.459,275.133,,,,,,,-209.259,-136.407,245.864,,,,-882.353,-186.132,267.131,661.052,-64.7055,262.868
13663,0,-178.374,-138.361,247.722,-276.034,-150.921,270.208,-368.274,-168.737,261.677,-457.472,-158.263,270.93,-558.47,-177.424,269.644,,,,-746.647,-157.4,270.388,,,,,,,,,,-209.395,-136.505,245.864,,,,-882.383,-186.068,267.142,661.052,-64.7057,262.869
13664,0,-175.545,-138.066,245.147,-272.201,-149.688,271.002,-364.377,-168.605,261.76,-454.035,-157.954,270.464,-554.742,-176.339,269.705,,,,-743.015,-158.566,270.592,,,,,,,,,,-209.61,-136.631,245.915,,,,-882.402,-186.1,267.14,661.055,-64.6995,262.858
13665,0,-172.469,-138.144,242.382,-268.153,-148.629,271.702,-360.559,-167.979,262.352,-450.086,-159.221,270.03,-551.241,-174.437,270.194,,,,-739.553,-159.15,271.135,,,,-934.405,-202.764,275.93,,,,-209.618,-136.488,246.141,,,,-882.451,-186.073,267.156,661.046,-64.7271,262.849
13666,0,-169.94,-138.315,239.849,-264.295,-147.382,272.578,-357.041,-166.993,263.051,-446.191,-160.36,269.653,-547.5,-173.517,270.095,,,,-736.082,-160.089,271.525,,,,,,,,,,-209.856,-136.719,246.055,,,,-882.469,-186.104,267.192,661.036,-64.7333,262.862
13667,0,-167.164,-138.239,237.125,-260.237,-146.452,273.386,-353.171,-166.29,263.823,-442.72,-160.772,269.272,-544.102,-171.709,270.678,,,,-733.118,-161.184,272.49,,,,,,,,,,-210.013,-136.862,246.121,,,,-882.515,-186.08,267.199,661.045,-64.7251,262.864
13668,0,-164.595,-138.659,234.623,-256.351,-145.345,273.968,-349.517,-165.448,264.594,-438.896,-161.657,269.089,-540.455,-170.602,270.723,,,,-729.181,-161.672,271.988,,,,-923.443,-202.331,275.852,,,,-210.03,-136.82,246.193,,,,-882.565,-186.05,267.209,661.045,-64.7214,262.857
13669,0,-161.825,-138.919,232.467,-252.353,-144.508,274.382,-345.815,-164.45,265.418,,,,-536.951,-169.143,271.174,,,,-725.593,-163.439,272.932,,,,-919.68,-202.537,275.839,,,,-210.087,-136.811,246.239,,,,-882.6,-186.121,267.205,661.045,-64.7214,262.857
13670,0,-159.196,-138.972,230.475,-248.653,-143.928,274.605,-342.077,-163.311,266.4,-431.984,-162.452,268.935,-533.199,-168.119,271.173,,,,-721.133,-166.881,272.779,,,,-916.104,-201.846,276.02,,,,-210.139,-136.827,246.326,,,,-882.612,-186.167,267.229,661.046,-64.7265,262.848
13671,0,-156.155,-139.314,228.688,-244.746,-143.516,274.524,-338.536,-162.196,267.584,-427.852,-164.66,268.287,-530.106,-166.434,271.343,,,,-718.386,-165.843,273.835,,,,,,,,,,-210.259,-137,246.288,,,,-882.679,-186.173,267.244,661.052,-64.7301,262.85
13672,0,-153.164,-138.797,226.947,-240.909,-142.639,274.233,-335.495,-160.646,268.555,-424.561,-165.744,268.143,-526.067,-165.652,271.417,,,,-715.813,-166.21,274.733,,,,,,,,,,-210.022,-136.736,246.362,,,,-882.684,-186.168,267.217,661.043,-64.7382,262.849
13673,0,-150.426,-139.087,225.621,-237.172,-142.143,273.588,-331.797,-159.817,269.481,-420.915,-166.566,268.096,-523.007,-164.39,271.522,,,,,,,,,,,,,,,,-210.225,-136.957,246.308,,,,-882.732,-186.141,267.224,661.045,-64.7272,262.843
13674,0,-147.408,-138.852,224.345,-233.657,-141.464,272.669,-327.867,-159.369,270.38,-417.227,-167.824,267.898,-519.454,-163.737,271.328,,,,,,,,,,-902.617,-199.064,276.319,,,,-210.044,-136.852,246.395,,,,-882.75,-186.175,267.223,661.058,-64.7342,262.844
13675,0,-144.258,-138.654,223.207,-230.15,-141.139,271.645,-324.621,-158.007,271.187,-413.753,-168.524,267.579,-516.191,-162.176,271.365,,,,,,,,,,-899.398,-198.778,276.176,,,,-210.248,-137.089,246.315,,,,-882.719,-186.242,267.212,661.045,-64.7271,262.843
13676,0,-140.974,-138.06,222.417,-226.723,-140.533,270.307,-321.676,-156.156,272.215,-410.629,-168.842,267.324,-512.644,-161.511,271.441,,,,,,,,,,,,,,,,-210.185,-137.109,246.305,,,,-882.734,-186.284,267.209,661.059,-64.7336,262.849
13677,0,-137.859,-138.26,221.778,-223.66,-140.35,268.863,-318.698,-155.038,273.004,-407.454,-169.16,267.268,-509.398,-160.386,271.377,-602.629,-180.247,270.648,,,,,,,-893.336,-197.242,275.791,,,,-210.1,-137.139,246.306,,,,-882.735,-186.284,267.209,661.054,-64.7192,262.844
13678,0,-134.969,-137.623,221.221,-220.701,-140.033,266.983,-315.422,-153.451,273.756,-404.04,-170.017,267.193,-506.02,-160.309,271.255,,,,,,,,,,,,,,,,-210.022,-137.119,246.26,,,,-882.838,-186.018,267.319,661.045,-64.7269,262.843
13679,0,-132.002,-137.373,220.999,-217.862,-140.067,265.028,-312.06,-152.69,274.218,-401.55,-168.967,266.995,-503.015,-159.053,271.378,,,,-691.252,-172.619,275.349,,,,,,,,,,-209.988,-137.198,246.255,,,,-882.677,-186.394,267.211,661.045,-64.7271,262.843
13680,0,-129.306,-136.459,220.866,-214.996,-140.138,263.273,-309.26,-151.098,274.579,-398.019,-170.251,266.86,-500.163,-158.676,271.015,,,,-688.245,-173.516,274.892,,,,,,,,,,-210.017,-137.289,246.191,,,,-882.613,-186.465,267.196,661.045,-64.7271,262.843
13681,0,-126.567,-135.76,220.372,-212.36,-140.325,261.339,-306.405,-149.379,274.423,-394.586,-171.468,266.571,,,,-589.577,-180.447,269.645,-684.765,-174.236,275.182,,,,,,,,,,-209.988,-137.393,246.127,,,,-882.617,-186.455,267.197,661.042,-64.7363,262.86
13682,0,-124.224,-135.159,220.316,-209.627,-140.632,259.558,-303.413,-148.92,274.27,-392.396,-170.373,266.177,,,,,,,,,,,,,,,,,,,,,,,,,-882.54,-186.542,267.18,661.045,-64.73,262.85
13683,0,-122.094,-134.32,219.945,-207.321,-140.981,257.545,-301.064,-146.91,273.787,-389.171,-171.143,265.797,,,,-583.68,-180.314,269.38,-678.428,-175.693,274.911,,,,,,,,,,,,,,,,-882.507,-186.614,267.168,661.045,-64.727,262.843
13684,0,-119.911,-133.551,219.37,-204.756,-141.4,255.922,-298.239,-146.789,273.318,-386.839,-170.453,265.381,-487.283,-158.358,270.469,,,,-675.479,-176.141,274.774,,,,,,,,,,,,,,,,-882.476,-186.68,267.158,661.045,-64.727,262.843
13685,0,-117.9,-132.476,219.201,-202.503,-142.198,254.342,-295.664,-146.34,272.965,,,,-485.194,-157.011,270.375,,,,-672.568,-176.609,274.709,,,,,,,,,,,,,,,,-882.475,-186.683,267.158,661.045,-64.7271,262.843
13686,0,-116.202,-131.778,218.773,-200.08,-142.577,252.749,-293.273,-145.194,272.545,-380.858,-171.862,264.488,-482.356,-157.205,270.323,,,,-669.705,-177.188,274.55,,,,,,,,,,,,,,,,-882.443,-186.749,267.139,661.045,-64.7271,262.843
13687,0,-114.564,-131.275,218.386,-198.069,-143.332,251.549,-290.556,-143.478,271.889,-378.647,-171.577,263.84,-480.203,-156.221,270.072,,,,-666.977,-177.743,274.31,,,,,,,,,,,,,,,,-882.411,-186.818,267.128,661.045,-64.7271,262.843
13688,0,-113.325,-130.437,217.984,-196.074,-144.05,250.212,-288.4,-142.788,271.615,-376.288,-171.548,263.136,-477.615,-156.702,269.837,-569.334,-180.488,268.54,,,,,,,,,,,,,-208.981,-136.728,246.716,,,,-882.392,-186.784,267.13,661.058,-64.7342,262.844
13689,0,-111.714,-129.422,217.883,-194.037,-144.33,248.975,-285.786,-142.762,271.359,-373.549,-172.575,263.309,-475.094,-156.552,269.847,,,,-661.603,-178.859,273.975,,,,,,,,,,-209.458,-137.562,246.032,,,,-882.394,-186.779,267.13,661.054,-64.722,262.851
13690,0,-109.87,-129.097,217.656,-192.396,-144.732,247.506,-283.698,-142.356,271.508,-370.345,-174.369,263.263,-472.784,-156.073,269.799,,,,-659.143,-178.824,274.101,,,,-855.194,-183.887,275.196,,,,-209.382,-137.619,245.897,,,,-882.411,-186.817,267.128,661.045,-64.7298,262.849
13691,0,-108.583,-128.064,217.57,-190.853,-145.283,246.3,-281.724,-142.205,271.594,-368.152,-175.137,263.132,-470.542,-155.913,269.811,,,,-656.518,-179.296,273.916,,,,-852.822,-182.609,274.934,-938.793,-206.074,271.393,-209.41,-137.726,245.934,,,,-882.41,-186.819,267.128,661.045,-64.7271,262.843
13692,0,-106.825,-127.906,217.336,-189.249,-145.597,245.21,-279.387,-142.15,271.983,-366.796,-173.786,263.03,-468.285,-156.012,269.675,,,,-654.091,-179.825,273.789,,,,-850.278,-181.422,274.819,,,,-209.416,-137.709,246.07,,,,-882.411,-186.818,267.128,661.045,-64.727,262.843
13693,0,-105.364,-126.861,217.185,-187.655,-145.955,244.193,-277.266,-142.151,272.042,-364.289,-174.775,262.804,-465.814,-156.25,269.635,-557.713,-178.128,268.761,-651.722,-179.887,273.661,,,,-848.023,-180.474,274.536,-934.543,-205.417,271.545,-209.457,-137.701,246.061,,,,-882.428,-186.855,267.126,661.045,-64.7271,262.843
13694,0,-103.28,-126.868,216.966,-186.085,-146.178,242.921,-275.152,-142.399,272.533,-361.637,-176.244,262.61,-463.669,-156.451,269.514,-555.286,-177.769,268.795,-649.334,-180.391,273.665,,,,-845.968,-179.309,274.58,,,,-209.056,-136.982,246.794,,,,-882.454,-186.796,267.163,661.054,-64.7191,262.844
13695,0,-101.482,-126.765,216.734,-184.606,-146.346,241.761,-273.74,-141.771,272.873,-359.662,-176.439,262.425,-461.461,-156.479,269.552,-553.058,-177.062,268.77,-647.113,-180.346,273.384,,,,-844.477,-177.709,274.555,-928.6,-207.192,270.681,-209.028,-136.816,246.827,,,,-882.476,-186.822,267.171,661.045,-64.7269,262.843
13696,0,-99.0496,-127.028,216.487,-183.038,-146.444,240.64,-271.876,-141.366,272.962,-357.661,-176.771,262.565,-459.473,-156.42,269.561,,,,-644.904,-180.679,273.363,,,,-842.213,-176.315,273.982,-926.353,-207.682,270.108,-209.031,-136.721,246.852,,,,-882.505,-186.762,267.18,661.055,-64.7053,262.844
13697,0,-96.8652,-127.238,216.226,-181.577,-146.386,239.38,-269.599,-141.685,273.201,-355.441,-177.317,262.851,-457.19,-157.041,269.539,,,,-642.736,-180.619,273.35,,,,-840.223,-175.477,273.654,-924.444,-207.111,270.111,-209.068,-136.595,246.862,,,,-882.525,-186.793,267.179,661.055,-64.7049,262.844
13698,0,-94.6084,-127.575,215.965,-179.882,-146.322,238.421,-267.499,-141.745,273.278,-353.662,-176.97,263.065,-455.173,-157.114,269.337,,,,-640.632,-180.943,273.286,,,,-838.35,-174.556,273.383,-922.638,-206.204,270.31,-209.112,-136.524,246.866,,,,-882.601,-186.707,267.197,661.055,-64.7079,262.851
13699,0,-92.2534,-127.76,215.692,-178.574,-146.436,237.166,-265.577,-141.368,273.249,-351.76,-176.247,262.842,-453.161,-157.798,269.362,-544.91,-174.435,269.334,-638.643,-181.011,273.271,,,,-836.586,-173.605,273.042,-920.782,-206.732,270.148,-209.158,-136.458,246.869,,,,-882.605,-186.697,267.198,661.058,-64.7369,262.85
13700,0,-90.0933,-128.178,215.632,-176.952,-146.558,235.999,-263.554,-141.078,273.431,-350.87,-174.228,262.667,-451.107,-158.255,269.445,,,,-636.641,-181.024,273.151,,,,-834.898,-172.541,272.741,-918.792,-206.738,270.068,-209.804,-137.251,246.288,,,,-882.621,-186.738,267.195,661.045,-64.7302,262.849
13701,0,-87.9223,-128.8,215.532,-175.205,-146.411,234.784,-261.293,-141.089,273.424,-347.976,-175.09,263.005,-449.112,-158.587,269.39,,,,-634.543,-181.361,273.063,,,,-833.365,-171.589,272.432,-916.775,-206.203,270.03,-209.888,-137.243,246.297,,,,-882.654,-186.674,267.177,661.042,-64.7363,262.86
13702,0,-85.7434,-128.706,215.595,-173.427,-146.748,233.636,-258.904,-140.951,273.324,-345.668,-175.096,263.247,-447.375,-158.882,269.278,-539.366,-172.671,269.842,-632.623,-181.765,273.017,,,,-831.818,-170.707,272.062,,,,-209.883,-137.166,246.243,,,,-882.666,-186.57,267.218,661.055,-64.7436,262.861
13703,0,-83.9872,-129.247,215.867,-171.799,-147.19,232.231,-256.797,-141.036,273.246,-343.394,-174.775,263.189,-445.356,-159.716,269.172,-537.929,-171.741,269.866,-630.746,-181.767,272.958,-729.315,-158.815,272.082,-830.392,-169.815,271.565,-913.33,-205.989,270.111,-209.896,-137.124,246.219,,,,-882.671,-186.562,267.192,661.065,-64.7217,262.862
13704,0,-82.1426,-129.56,216.378,-169.959,-147.578,231.161,-254.47,-140.442,272.989,-341.148,-173.997,262.941,-443.272,-160.732,268.972,,,,-629.008,-181.642,272.869,-727.596,-159.438,272.221,,,,-911.639,-205.885,270.079,-209.901,-137.05,246.196,,,,-882.702,-186.497,267.21,661.045,-64.7297,262.849
13705,0,-80.4715,-129.549,217.123,-168.469,-148.274,229.983,-252.379,-140.44,272.848,-339.53,-172.562,262.693,-441.27,-161.212,268.757,,,,-627.12,-181.684,272.827,,,,,,,-909.305,-205.934,270.269,-209.882,-136.986,246.17,,,,-882.687,-186.455,267.213,661.042,-64.7374,262.861
13706,0,-79.0038,-129.688,217.822,-166.936,-149.07,228.801,-250.216,-140.015,272.599,-337.707,-171.426,263.015,-439.477,-161.406,268.605,-532.449,-169.86,270.428,-625.268,-181.875,272.78,,,,,,,-907.482,-204.974,269.878,-209.909,-136.94,246.162,,,,-882.699,-186.354,267.226,661.045,-64.7257,262.861
13707,0,-77.7335,-129.722,218.921,-165.548,-150.023,227.675,-248.053,-140.101,272.403,-336.119,-170.196,262.938,-437.786,-161.844,268.425,-530.671,-168.97,270.464,-623.388,-182.124,272.615,,,,,,,,,,-209.899,-136.803,246.213,,,,-882.684,-186.311,267.229,661.045,-64.7298,262.849
13708,0,-76.512,-129.825,220.278,-164.053,-150.68,226.577,-246.058,-139.932,272.308,-334.044,-169.724,263.374,-435.843,-162.846,268.063,,,,-621.485,-182.29,272.305,,,,-823.013,-165.118,269.993,-904.603,-204.732,270.003,-209.884,-136.73,246.228,,,,-882.666,-186.275,267.231,661.045,-64.7299,262.849
13709,0,-75.5212,-129.713,221.635,-162.505,-152.186,226.002,-244.188,-139.651,272.046,-332.455,-168.536,263.671,-433.562,-163.448,267.973,,,,,,,-718.9,-163.297,273.377,-821.751,-164.613,269.476,,,,-209.888,-136.673,246.207,,,,-882.647,-186.242,267.225,661.034,-64.7079,262.842
13710,0,-74.5819,-129.789,223.092,-161.436,-152.888,224.841,-242.376,-139.14,271.92,-330.604,-167.568,263.644,-431.668,-164.012,267.617,-525.764,-167.697,270.746,-617.88,-182.593,271.894,,,,-820.174,-163.685,269.007,-901.181,-204.045,270.188,-209.866,-136.551,246.289,,,,-882.603,-186.265,267.189,661.029,-64.7117,262.868
13711,0,-73.6139,-128.998,224.835,-160.141,-153.983,224.022,-240.728,-139.271,271.566,,,,-429.949,-164.537,267.395,-523.696,-166.66,270.808,-616.029,-182.778,271.679,,,,-818.768,-163.012,268.601,,,,-209.912,-136.639,246.229,,,,-882.622,-186.098,267.266,661.043,-64.7025,262.85
13712,0,-73.3149,-128.791,226.67,-158.492,-155.481,223.569,-238.856,-139.313,271.39,,,,-428.31,-165.181,267.201,,,,-614.17,-182.97,271.527,,,,-817.189,-162.143,268.52,-897.785,-203.281,270.015,-209.938,-136.689,246.119,,,,-882.583,-186.042,267.329,661.045,-64.7124,262.857
13713,0,-72.0826,-128.507,228.42,-157.18,-156.13,222.587,-236.708,-139.393,270.695,-325.674,-164.932,264.677,-426.738,-165.929,266.989,,,,-612.543,-182.861,271.451,,,,-815.754,-161.147,268.167,-896.028,-203.003,270.046,-209.934,-136.678,246.131,,,,-882.562,-185.978,267.37,661.033,-64.7028,262.85
13714,0,-71.7953,-128.458,230.465,-155.837,-156.991,222.201,-234.931,-139.188,270.361,-323.602,-164.409,264.586,-425.027,-166.58,266.718,-518.681,-164.951,271.031,,,,,,,,,,-894.203,-202.381,270.16,-209.885,-136.691,246.103,,,,-882.544,-186.015,267.365,661.042,-64.6809,262.852
13715,0,-71.1955,-128.1,232.409,-154.369,-158.165,221.662,-233.343,-139.6,269.86,-322.331,-163.955,264.559,-423.322,-167.264,266.451,,,,,,,,,,,,,-892.872,-201.866,269.923,-209.815,-136.733,246.06,,,,-882.303,-186.489,267.216,661.029,-64.7137,262.851
13716,0,-70.7605,-127.705,234.482,-152.855,-159.133,221.42,-231.888,-139.622,269.493,-320.9,-163.41,264.627,-421.551,-167.851,266.119,-515.161,-164.366,271.069,,,,,,,,,,,,,-209.77,-136.753,246.039,,,,-882.979,-185.089,267.378,661.038,-64.7064,262.852
13717,0,-69.84,-126.968,236.46,-151.634,-159.962,221.269,-230.035,-139.946,269.014,-319.48,-162.249,264.979,-419.886,-168.433,265.622,-513.358,-163.678,270.964,,,,,,,,,,,,,-209.746,-136.832,246.027,,,,-882.534,-185.896,267.325,661.045,-64.7097,262.851
13718,0,-69.913,-127.579,238.674,-150.318,-160.76,221.018,-228.577,-140.251,268.609,-318.061,-161.87,265.159,-418.39,-169.164,265.424,,,,,,,,,,,,,,,,-209.715,-136.831,246.063,,,,-882.173,-186.572,267.242,661.029,-64.7141,262.851
13719,0,-69.0077,-127.681,240.843,-148.919,-161.483,220.854,-226.954,-140.646,268.008,-316.898,-161.164,265.182,-416.937,-169.725,265.224,-510.288,-162.684,271.388,-602.03,-184.567,270.26,,,,,,,,,,-209.656,-136.875,246.076,,,,-881.962,-187.026,267.16,661.053,-64.7384,262.869
13720,0,-68.1199,-127.299,243.122,-147.701,-162.072,220.74,-225.566,-141.088,267.672,,,,-415.438,-170.141,265.069,-508.807,-161.87,271.636,-600.175,-185.057,270.019,,,,,,,,,,-209.654,-136.905,246.104,,,,-882.686,-185.573,267.349,661.029,-64.7123,262.868
13721,0,-67.4644,-127.402,245.584,-146.507,-162.491,220.646,-224.356,-141.366,267.339,-314.178,-160.652,265.867,-414.372,-170.785,264.619,-507.248,-161.394,271.489,,,,,,,,,,,,,-209.624,-136.917,246.048,,,,-882.482,-185.826,267.438,661.042,-64.7189,262.868
13722,0,-66.7398,-127.247,247.708,-145.072,-162.568,220.741,-223.126,-141.797,266.984,-312.708,-160.959,265.891,-412.595,-172.063,264.33,,,,,,,,,,-801.238,-155.44,265.243,,,,-209.602,-136.953,246.03,,,,-882.11,-186.724,267.269,661.053,-64.7384,262.869
13723,0,-65.7532,-127.12,249.898,-143.809,-162.929,220.895,-222.159,-141.786,266.606,-311.703,-160.057,265.684,,,,-504.373,-160.44,271.889,,,,,,,-799.99,-154.566,265.051,,,,-209.598,-136.946,246.08,,,,-882.114,-186.705,267.295,661.041,-64.7315,262.868
13724,0,-64.903,-126.693,251.812,-142.547,-163.236,220.988,-220.913,-142.04,266.033,-311.007,-159.133,265.797,,,,-502.66,-159.705,272.287,,,,,,,-798.364,-154.282,264.873,,,,-209.622,-136.988,246.045,,,,-882.114,-186.87,267.283,661.063,-64.7165,262.87
13725,0,-63.9933,-126.889,253.951,-141.297,-163.135,221.194,-219.631,-142.792,265.731,-310.221,-158.101,266.129,,,,-501.359,-159.469,272.035,,,,,,,-796.685,-154.18,264.647,,,,-209.599,-136.948,246.08,,,,-882.099,-186.816,267.291,661.041,-64.7311,262.868
13726,0,-62.9323,-126.431,255.662,-140.083,-163.39,221.537,-218.451,-143.122,265.113,-309.143,-157.763,266.083,,,,-499.778,-159.612,271.945,,,,,,,-795.036,-153.998,264.541,,,,-209.645,-136.965,246.136,,,,-882.1,-186.891,267.278,661.04,-64.7314,262.868
13727,0,-61.8621,-126.218,257.47,-138.853,-163.465,221.841,-217.438,-143.454,264.762,-308.065,-157.099,265.905,,,,-499.579,-157.022,272.378,-588.415,-185.93,268.965,,,,-793.577,-154.095,264.455,,,,-209.622,-136.894,246.225,,,,-882.071,-187.018,267.269,661.053,-64.7385,262.869
13728,0,-61.0124,-126.1,259.141,-137.471,-163.235,222.311,-216.402,-143.635,264.438,-306.785,-157.175,266.49,-405.455,-175.828,261.783,-498.859,-154.966,272.309,-586.91,-187.555,268.313,-686.37,-172.431,274.748,-792.168,-153.357,264.607,,,,-209.573,-136.806,246.356,,,,-882.081,-187.079,267.257,661.041,-64.7314,262.868
13729,0,-59.754,-125.738,260.765,-136.334,-163.133,222.824,-215.428,-143.629,264.059,-305.695,-156.756,266.818,-404.325,-176.179,261.331,,,,-585.429,-187.652,268.323,-684.608,-172.549,274.319,-790.841,-152.944,264.568,,,,-209.708,-136.992,246.248,,,,-882.082,-187.164,267.234,661.04,-64.7312,262.868
13730,0,-58.8762,-125.561,262.253,-135.349,-163.479,223.662,-214.021,-144.532,263.564,-304.629,-156.636,266.913,-403.208,-177.011,261.117,,,,-584.116,-187.51,268.236,-683.122,-172.841,274.309,-789.447,-152.739,264.442,,,,-209.8,-137.1,246.193,,,,-882.067,-187.214,267.208,661.062,-64.7305,262.87
13731,0,-57.5002,-125.273,263.864,-133.829,-162.822,223.953,-213.07,-144.384,263.011,,,,-401.809,-177.836,260.916,,,,-582.81,-187.387,268.163,,,,-787.877,-152.725,264.314,,,,-209.839,-137.152,246.217,,,,-882.085,-187.278,267.174,661.041,-64.7313,262.868
13732,0,-56.1092,-124.518,265.433,-132.425,-162.703,224.664,-212.466,-144.846,262.323,-302.441,-155.35,267.847,-400.56,-178.198,260.56,,,,-581.238,-187.537,268.059,,,,-786.376,-152.769,264.211,,,,-209.833,-137.137,246.262,,,,-882.075,-187.394,267.138,661.04,-64.7313,262.868
13733,0,-54.8632,-124.511,266.926,-131.162,-162.274,225.395,-210.973,-144.593,261.945,-301.274,-154.894,267.717,-399.604,-178.192,260.023,,,,-579.562,-187.782,267.911,,,,-785.173,-152.588,264.273,,,,-209.891,-137.202,246.219,,,,-882.09,-187.446,267.127,661.04,-64.7313,262.868
13734,0,-53.562,-124.262,268.321,-129.752,-161.776,225.968,-209.868,-144.827,261.428,-300.244,-154.174,267.874,-398.07,-179.551,260.03,,,,-577.955,-187.915,267.841,,,,-783.864,-152.536,264.162,,,,-209.908,-137.217,246.269,,,,-882.111,-187.331,267.135,661.048,-64.7399,262.857
13735,0,-52.0431,-124.124,269.941,-128.398,-161.485,226.688,-208.431,-145.346,260.86,-299.001,-153.658,268.074,-396.945,-179.72,259.786,-486.999,-156.747,273.002,-576.666,-187.632,267.794,,,,-782.367,-152.771,264.004,,,,-209.934,-137.252,246.233,,,,-882.106,-187.335,267.137,661.045,-64.7101,262.851
13736,0,-50.7486,-124.189,271.265,-126.949,-160.985,227.595,-207.483,-145.408,260.461,,,,-395.661,-180.08,259.557,,,,-575.11,-186.874,267.541,,,,-781.041,-152.519,263.851,,,,-209.93,-137.302,246.241,,,,-882.126,-187.41,267.123,661.033,-64.7025,262.85
13737,0,-48.9575,-123.823,272.758,-125.429,-160.599,228.398,-206.176,-145.65,259.824,,,,-394.357,-180.46,259.465,,,,-573.824,-187.092,267.83,,,,-779.764,-152.779,264.001,-858.543,-189.114,270.706,-209.929,-137.299,246.248,,,,-882.083,-187.707,267.094,661.033,-64.7026,262.85
13738,0,-47.5334,-124.095,274.362,-124.183,-160.025,229.38,-205.234,-145.738,259.336,,,,-393.213,-180.715,259.199,-483.687,-154.378,273.014,-572.262,-187.231,267.739,,,,-778.384,-152.914,263.904,-857.158,-188.632,270.68,-209.922,-137.328,246.364,,,,-882.092,-187.783,267.07,661.033,-64.7026,262.85
13739,0,-45.8977,-124.217,275.9,-122.765,-159.791,230.225,-203.961,-146.257,258.814,,,,-391.921,-181.226,258.775,-482.514,-153.703,273.065,-570.869,-187.058,267.811,,,,-776.865,-153.303,264.116,-855.896,-187.865,270.793,-209.754,-137.073,246.473,,,,-882.069,-187.847,267.042,661.033,-64.7026,262.85
13740,0,-44.259,-124.213,277.424,-121.363,-159.409,231.285,-203.003,-146.614,258.128,,,,-390.514,-181.841,258.581,-480.866,-153.939,272.981,-569.799,-186.505,267.788,,,,-775.508,-153.783,264.166,-854.765,-187.344,270.793,-209.656,-137.001,246.545,,,,-882.072,-187.946,267.025,661.033,-64.7026,262.85
13741,0,-42.646,-124.365,279.089,-119.939,-159.034,232.166,-201.737,-146.827,257.744,,,,-389.192,-182.555,258.043,-479.337,-154.09,272.987,-568.212,-186.645,267.658,,,,-773.987,-153.963,264.101,-853.42,-186.612,270.761,-209.295,-136.536,246.887,,,,-882.049,-188.015,266.995,661.033,-64.7026,262.85
13742,0,-41.2559,-124.899,280.788,-118.155,-159.168,233.187,-200.59,-146.722,257.297,,,,-387.77,-183.049,257.934,-477.754,-154.304,273.054,-566.523,-186.894,267.539,,,,-772.656,-154.118,264.194,-851.976,-185.986,270.585,-209.344,-136.716,246.912,,,,-882.029,-188.064,266.979,661.057,-64.729,262.852
13743,0,-39.744,-125.115,282.54,-116.324,-159.461,234.084,-199.217,-147.254,256.68,,,,-386.453,-182.938,257.908,-476.357,-154.271,273.026,-565.325,-186.337,267.555,,,,-771.266,-154.288,264.076,-850.672,-185.458,270.486,-209.257,-136.661,246.86,,,,-882.028,-188.077,266.966,661.058,-64.7344,262.844
13744,0,-38.2829,-125.293,284.205,-114.939,-158.996,234.76,-198.175,-147.448,256.225,,,,-385.402,-182.904,257.235,-474.994,-154.081,272.906,-563.932,-185.892,267.584,,,,-769.767,-154.367,264.163,-849.181,-184.403,270.223,-209.453,-136.976,246.909,,,,-881.987,-188.099,266.927,661.055,-64.7413,262.852
13745,0,-37.0909,-125.885,285.95,-113.517,-158.951,235.603,-197.126,-148.05,255.674,-286.603,-150.287,268.926,-383.876,-183.661,256.869,-473.528,-154.064,272.873,-562.345,-185.754,267.581,,,,-768.207,-154.546,264.374,-847.936,-183.773,270.235,-209.612,-137.392,246.335,,,,-881.983,-188.11,266.947,661.057,-64.7464,262.844
13746,0,-36.0486,-126.56,287.92,-112.345,-158.759,236.36,-195.821,-148.489,255.225,-285.567,-149.327,268.837,-382.328,-184.274,256.552,-471.727,-154.676,272.876,-560.848,-185.752,267.55,,,,-766.895,-154.712,264.493,-846.544,-182.811,270.197,-209.737,-137.586,246.479,,,,-881.97,-188.064,266.926,661.057,-64.7464,262.844
13747,0,-34.8583,-127.248,289.462,-111.138,-158.872,237.305,-194.701,-148.63,254.697,-284.414,-148.743,268.914,-380.913,-184.658,256.346,-470.459,-154.644,272.916,-559.635,-185.07,267.646,,,,-765.486,-154.959,264.545,-845.246,-182.058,270.088,-209.632,-137.442,246.456,,,,-881.951,-188.1,266.922,661.057,-64.7464,262.844
13748,0,-33.5833,-127.449,291.126,-110,-158.481,238.073,-193.435,-148.743,254.087,-283.176,-148.321,268.69,-379.5,-184.697,256.129,-469.049,-154.185,272.858,-557.594,-184.397,267.974,,,,-764.016,-155.32,264.437,-843.848,-181.244,269.885,-209.647,-137.581,246.341,,,,-881.933,-188.078,266.909,661.055,-64.7413,262.852
13749,0,-32.4472,-128.285,292.827,-108.746,-158.262,238.959,-192.118,-149.223,253.482,,,,-378.133,-184.541,255.76,-467.563,-154.222,273.036,-556.615,-184.219,267.643,,,,-762.498,-155.405,264.709,-842.186,-180.076,269.536,-209.609,-137.531,246.478,,,,-881.91,-188.055,266.907,661.063,-64.733,262.865
13750,0,-31.1241,-128.646,294.439,-107.544,-158.353,239.788,-190.945,-149.427,253.104,-280.424,-147.787,269.051,-376.653,-184.695,255.379,-465.979,-154.515,273.092,-555.395,-183.697,267.619,,,,-761.096,-155.558,264.922,-840.921,-179.883,269.42,-209.619,-137.501,246.623,,,,-881.91,-188.054,266.907,661.055,-64.7411,262.852
13751,0,-29.9703,-129.356,296.013,-106.153,-158.494,240.852,-189.727,-149.988,252.67,,,,-375.112,-184.934,254.99,-464.417,-154.722,273.143,-553.793,-183.546,267.588,,,,-759.846,-155.826,265.134,-839.6,-178.705,269.276,-209.586,-137.467,246.369,,,,-881.893,-188.019,266.906,661.044,-64.7222,262.851
13752,0,-28.8424,-129.665,297.6,-104.609,-158.675,241.858,-188.21,-149.791,252.383,-277.797,-147.204,269.301,-373.466,-185.347,254.558,-462.538,-155.428,273.017,-552.235,-183.007,267.613,,,,-758.237,-156.113,265.445,-838.015,-177.631,268.816,-209.461,-137.217,246.417,,,,-881.893,-188.017,266.907,661.067,-64.7072,262.853
13753,0,-27.3642,-130.111,298.964,-103.546,-158.632,242.959,-187.539,-150.277,251.573,-276.678,-146.481,269.122,-372.277,-184.612,254.195,-461.076,-155.484,272.84,-550.836,-182.32,267.718,,,,-756.748,-156.47,265.469,-836.75,-176.754,268.876,-209.193,-136.783,246.692,,,,-881.877,-187.982,266.906,661.044,-64.7217,262.851
13754,0,-25.9494,-130.32,300.238,-102.419,-158.82,244.011,-186.2,-150.674,251.003,-275.188,-146.863,269.326,-370.806,-184.564,254.063,-459.909,-155.063,272.635,-549.451,-182.146,267.958,,,,-755.211,-156.756,266.049,-835.469,-175.647,268.408,-209.129,-136.653,246.681,,,,-881.877,-187.981,266.906,661.054,-64.6974,262.846
13755,0,-24.492,-130.652,301.491,-101.443,-158.235,244.916,-185.151,-150.961,250.51,-273.86,-146.895,269.425,-369.179,-185.156,253.945,-458.49,-155.079,272.889,-548.215,-181.254,267.886,,,,-753.843,-156.987,266.07,-833.824,-174.59,267.99,-209.003,-136.474,246.569,,,,-881.867,-187.931,266.907,661.045,-64.7238,262.837
13756,0,-23.2305,-131.309,302.674,-100.085,-158.839,245.933,-183.93,-151.229,250.269,,,,-368.064,-184.535,253.716,-456.957,-155.288,273.07,-546.603,-180.702,268.014,,,,-752.221,-157.568,266.388,-832.81,-174.165,267.621,-209.037,-136.425,246.705,,,,-881.867,-187.918,266.92,661.045,-64.7272,262.843
13757,0,-21.7833,-131.424,303.895,-98.889,-158.732,247.029,-182.71,-151.41,249.785,-271.635,-145.551,269.307,-366.659,-184.419,253.62,-455.189,-155.768,273.064,-545.186,-180.293,268.003,,,,-750.817,-158.052,266.651,,,,-209.001,-136.312,246.658,,,,-881.874,-187.905,266.921,661.045,-64.7271,262.843
13758,0,-20.8671,-132.307,305.151,-97.6709,-158.741,247.908,-181.758,-151.577,249.194,,,,-365.132,-184.854,253.48,-453.357,-156.511,272.927,-543.788,-179.554,268.203,,,,-749.442,-158.34,266.949,,,,-209.445,-136.903,245.951,,,,-881.867,-187.917,266.914,661.037,-64.7321,262.835
13759,0,-19.6337,-132.468,306.316,-96.812,-158.646,248.832,-180.594,-151.901,248.854,-269.217,-144.995,269.077,-364.015,-184.154,253.439,-452.409,-155.7,272.851,-542.348,-178.634,268.365,,,,-747.928,-159.13,267.231,,,,-209.535,-136.971,245.973,,,,-881.893,-187.867,266.925,661.045,-64.7243,262.837
13760,0,-18.6461,-132.911,307.625,-95.6324,-158.352,249.456,-179.665,-151.512,248.628,,,,-362.696,-184.101,253.437,-451.153,-155.43,272.752,-541.078,-178.128,268.505,,,,-746.296,-159.808,267.677,,,,-209.594,-136.971,246.041,,,,-881.9,-187.852,266.927,661.055,-64.7051,262.844
13761,0,-17.5247,-132.852,308.718,-94.2173,-158.509,250.187,-178.562,-151.997,248.43,-266.939,-145.137,268.815,-361.639,-183.658,253.443,-449.727,-155.718,272.662,-539.511,-178.289,268.862,,,,-744.856,-160.176,268.005,,,,-209.533,-136.797,245.969,,,,-881.9,-187.852,266.927,661.037,-64.7318,262.835
13762,0,-16.8535,-133.59,309.819,-93.416,-158.315,251.056,-177.345,-151.67,247.953,-265.86,-145.07,268.749,-360.443,-183.573,253.472,-448.399,-155.887,272.553,-538.164,-176.683,268.775,,,,-743.151,-160.777,268.376,,,,-209.578,-136.798,246.017,,,,-881.91,-187.83,266.908,661.036,-64.7352,262.842
13763,0,-15.9905,-133.421,310.998,-92.3065,-158.147,251.51,-176.265,-151.568,247.208,,,,-359.33,-183.229,253.494,-447.185,-155.886,272.412,-536.651,-176.197,268.922,,,,-741.488,-161.311,268.403,,,,-209.614,-136.707,246.026,,,,-881.909,-187.764,266.931,661.037,-64.7351,262.842
13764,0,-15.3002,-133.524,312.2,-91.2682,-157.641,252.219,-175.449,-151.66,246.927,-263.773,-144.276,268.389,-358.399,-182.904,253.646,-445.881,-156.022,272.287,-535.417,-174.993,269.28,,,,-739.683,-161.351,268.521,,,,-209.72,-136.747,246.177,,,,-881.926,-187.799,266.932,661.037,-64.735,262.842
13765,0,-14.4869,-133.336,313.344,-90.3957,-157.304,252.751,-174.409,-151.823,246.607,-262.621,-144.721,268.384,-357.229,-182.87,253.706,-444.59,-156.029,272.214,-534.124,-174.514,269.37,,,,-737.978,-161.679,269.067,,,,-209.729,-136.694,246.21,,,,-881.909,-187.765,266.931,661.033,-64.7414,262.853
13766,0,-13.7046,-132.802,314.369,-89.6974,-156.745,253.468,-173.395,-151.821,246.308,,,,-356.237,-182.045,253.601,-443.414,-155.87,272.197,-532.693,-173.421,269.62,,,,-736.585,-162.046,269.088,,,,-209.745,-136.647,246.237,,,,-881.919,-187.741,266.912,661.055,-64.7408,262.854
13767,0,-12.9896,-132.843,315.312,-88.8565,-155.912,254.099,-172.365,-151.767,245.93,,,,-355.072,-181.992,253.702,-442.104,-156.116,272.17,-531.081,-172.441,269.889,,,,-734.754,-162.346,269.671,,,,-209.758,-136.649,246.256,,,,-881.919,-187.741,266.912,661.057,-64.6961,262.85
13768,0,-12.3395,-132.565,316.284,-87.9806,-155.526,254.992,-171.463,-151.865,245.451,-259.275,-145.277,268.216,-354.162,-181.495,253.99,-440.514,-157.186,272.049,-529.773,-171.854,269.998,,,,-733.228,-162.563,269.682,,,,-209.742,-136.541,246.362,,,,-881.931,-187.708,266.928,661.053,-64.7018,262.861
13769,0,-11.346,-132.026,317.035,-87.0142,-154.936,255.999,-170.594,-151.78,245.089,-258.721,-144.471,268.058,-353.417,-180.822,254.141,-439.654,-156.779,271.939,-528.291,-170.887,270.155,,,,-731.444,-162.954,270.281,,,,-209.787,-136.67,246.285,,,,-881.931,-187.707,266.928,661.057,-64.6932,262.844
13770,0,-10.3286,-131.329,317.935,-86.427,-154.391,256.859,-169.423,-151.92,244.943,,,,-352.201,-181.056,254.246,-438.486,-156.771,271.951,-527.058,-170.089,270.481,,,,-729.884,-163.05,270.422,,,,-209.839,-136.741,246.184,,,,-881.937,-187.696,266.934,661.053,-64.7021,262.861
13771,0,-8.93216,-130.396,318.547,-85.6354,-153.501,258.067,-168.372,-151.807,244.708,-256.016,-145.37,268.492,-351.184,-180.363,254.465,-437.059,-157.045,272.093,-525.877,-168.882,270.925,,,,-727.874,-163.98,270.909,,,,-209.935,-136.924,246.169,,,,-881.931,-187.707,266.928,661.057,-64.6959,262.85
13772,0,-7.91558,-130.033,319.158,-84.7341,-152.587,259.557,-167.13,-152.198,244.559,-254.92,-145.189,268.281,-349.943,-179.857,254.811,,,,-524.47,-167.773,271.032,,,,-726.209,-164.892,270.894,,,,-209.929,-136.985,246.18,,,,-881.931,-187.708,266.928,661.068,-64.7122,262.845
13773,0,-6.26532,-128.882,319.84,-84.0654,-151.518,260.859,-166.238,-151.89,244.538,,,,-348.684,-179.366,254.967,-434.437,-157.905,271.008,-522.889,-166.669,271.166,,,,-724.268,-165.344,271.445,,,,-209.943,-137.052,246.17,,,,-881.92,-187.729,266.925,661.068,-64.7124,262.845
13774,0,-4.8187,-128.146,320.554,-83.0548,-150.527,262.315,-164.85,-152.526,244.298,-252.522,-145.195,268.441,-347.815,-178.548,255.263,-432.955,-158.236,270.824,-521.373,-165.869,271.637,,,,-722.364,-165.524,271.46,,,,-209.981,-137.141,246.147,,,,-881.92,-187.729,266.925,661.044,-64.6888,262.85
13775,0,-3.30547,-127.197,320.996,-82.1001,-149.371,264.069,-163.735,-152.549,244.192,-251.266,-144.891,268.365,-346.23,-178.405,255.585,-431.248,-158.624,270.616,-519.659,-164.543,271.785,,,,-720.101,-166.613,271.858,-803.755,-154.198,259.338,-209.986,-137.207,246.148,,,,-881.909,-187.763,266.931,661.062,-64.699,262.852
13776,0,-1.35395,-126.098,321.818,-81.2749,-148.345,265.625,-162.326,-152.498,244.196,-249.61,-145.357,268.25,-344.976,-177.759,256.074,,,,-518.162,-163.121,271.997,-609.373,-182.231,269.718,-718.152,-167.118,271.845,-801.734,-153.084,259.063,-209.988,-137.212,246.144,,,,-881.91,-187.753,266.944,661.055,-64.6908,262.859
13777,0,0.181294,-125.143,322.436,-80.105,-147.104,267.483,-160.693,-152.505,244.067,-248.089,-145.244,268.06,-343.361,-177.314,256.649,,,,-516.135,-161.969,271.952,-606.884,-183.319,269.114,-716.136,-168.256,272.195,-800.094,-152.973,258.979,-209.953,-137.232,246.124,,,,-881.909,-187.763,266.932,661.054,-64.7026,262.859
13778,0,2.15194,-124.036,323.211,-78.8801,-145.863,269.149,-159.117,-152.735,244.159,-246.533,-145.158,267.932,-342.034,-176.47,257.164,,,,-514.246,-160.277,272.264,-604.801,-183.676,268.658,,,,-798.152,-152.339,258.85,-209.969,-137.317,246.097,,,,-881.909,-187.764,266.931,661.055,-64.6882,262.852
13779,0,3.76299,-123.15,323.83,-77.7985,-144.606,270.996,-157.421,-153.041,244.083,-245.114,-143.99,267.656,-340.388,-175.988,257.707,-424.65,-161.759,268.29,-512.419,-158.872,272.418,,,,,,,-796.079,-151.69,258.686,-209.896,-137.246,246.104,,,,-881.909,-187.764,266.931,661.055,-64.6879,262.852
13780,0,5.82491,-121.854,324.616,-76.6783,-143.52,272.706,-155.512,-153.516,243.926,-243.193,-143.686,267.393,-338.5,-174.56,258.359,-422.58,-163.141,267.716,-510.137,-157.391,272.393,-600.466,-184.776,267.637,,,,-793.828,-151.817,258.757,-209.833,-137.179,246.121,,,,-881.884,-187.815,266.926,661.051,-64.673,262.853
13781,0,7.8051,-120.608,325.282,-75.5064,-141.844,274.52,-153.692,-153.804,244,-241.206,-144.218,267.238,-336.955,-173.644,259.263,,,,-508.327,-155.768,272.524,-596.472,-184.017,266.94,,,,-791.391,-151.889,258.567,-209.788,-137.152,246.188,,,,-881.9,-187.853,266.926,661.057,-64.6928,262.844
13782,0,9.62931,-119.612,325.909,-74.316,-140.665,276.304,-151.701,-154.263,244.273,-238.946,-144.488,267.057,-335.078,-172.422,259.93,-419.12,-165.921,266.577,-505.968,-154.327,272.443,,,,,,,-789.11,-152.04,258.593,-209.743,-137.093,246.202,,,,-881.9,-187.853,266.926,661.054,-64.7,262.852
13783,0,11.7667,-118.305,326.666,-73.0271,-139.019,278.267,-149.668,-154.57,244.57,-237.855,-143.041,267.113,-333.325,-170.811,260.709,-417.687,-165.6,265.868,-503.579,-152.608,272.302,,,,,,,-786.289,-152.715,258.264,-209.646,-136.962,246.287,,,,-881.9,-187.853,266.926,661.054,-64.7,262.852
13784,0,14.098,-117.45,327.237,-71.6653,-137.683,280.061,-147.524,-154.648,244.712,-236.408,-142.334,267.166,-331.217,-169.592,261.26,,,,-501.727,-150.833,272.316,-589.723,-186.284,265.663,,,,-783.701,-152.43,258.303,-209.605,-136.926,246.285,,,,-881.903,-187.843,266.906,661.068,-64.7122,262.845
13785,0,15.8839,-116.051,327.786,-70.3646,-136.187,281.852,-145.512,-155.086,244.998,,,,-329.556,-168.408,261.916,-413.313,-169.121,264.992,-499.375,-149.32,272.117,,,,,,,-780.883,-152.605,258.233,-209.625,-137.067,246.143,,,,-881.903,-187.843,266.906,661.043,-64.681,262.852
13786,0,18.0202,-113.682,328.202,-69.0916,-134.614,283.835,-143.259,-154.99,245.446,-230.367,-144.141,266.525,-327.397,-167.175,262.568,,,,-496.79,-148.328,272.294,-584.627,-187.266,265.149,-691.476,-170.87,272.666,-777.971,-153.287,258.2,-209.631,-137.089,246.115,,,,-881.914,-187.893,266.905,661.054,-64.6996,262.852
13787,0,20.1802,-113.143,328.779,-67.6675,-133.057,285.625,-141.053,-155.204,245.705,-228.285,-144.159,265.715,-325.37,-165.561,262.798,,,,-494.396,-146.815,272.188,,,,,,,-775.209,-153.55,258.414,-209.643,-137.14,246.04,,,,-881.91,-187.904,266.926,661.054,-64.7001,262.852
13788,0,22.1167,-112.774,329.13,-66.3855,-131.712,287.39,-138.686,-155.537,246.18,-226.005,-144.544,265.453,-323.218,-163.449,263.968,,,,-492.076,-145.656,272.248,-579.161,-187.634,264.484,,,,-772.127,-153.885,258.725,-209.677,-137.168,246.043,,,,-881.91,-187.903,266.926,661.055,-64.6978,262.853
13789,0,24.3081,-111.614,329.576,-65.2058,-130.022,289.384,-136.705,-155.505,246.607,-223.575,-144.897,265.299,-321.455,-162.533,263.894,,,,-489.621,-144.374,272.604,,,,,,,-769.217,-154.66,259.07,-209.604,-137.158,246.07,,,,-881.903,-187.928,266.912,661.068,-64.7122,262.845
13790,0,26.5169,-110.463,329.993,-63.9949,-128.56,290.928,-134.48,-155.778,247.039,-221.653,-145.096,264.98,-319.256,-161.345,264.256,-404.512,-174.752,261.881,-487.155,-143.043,272.611,,,,,,,-766.299,-155.29,259.248,-209.568,-137.098,246.133,,,,-881.919,-187.965,266.912,661.06,-64.6924,262.86
13791,0,28.3959,-110.391,330.531,-62.7532,-126.808,292.773,-132.302,-155.786,247.743,-219.758,-143.952,264.237,-317.079,-159.73,264.58,-402.635,-176.119,261.145,-484.379,-142.301,272.539,-570.059,-188.194,264.11,-676.074,-172.41,272.961,-763.324,-155.858,259.771,-209.527,-137.046,246.144,,,,-881.919,-187.966,266.912,661.064,-64.678,262.853
13792,0,30.4133,-109.759,331.05,-61.3286,-125.259,294.335,-130.201,-155.54,248.262,-217.833,-143.624,263.865,-315.119,-158.879,264.887,-400.43,-177.409,260.587,-481.806,-141.35,272.378,-566.887,-188.245,263.909,-672.733,-172.865,272.681,-760.314,-156.8,260.399,-209.496,-137.034,246.09,,,,-881.926,-187.952,266.913,661.085,-64.6804,262.862
13793,0,32.3191,-109.641,331.699,-60.0731,-123.497,295.912,-128.131,-155.681,248.987,-215.159,-145.476,263.331,-313.189,-157.556,265.19,-398.525,-178.589,259.769,-479.1,-140.114,272.26,,,,-669.418,-173.344,272.804,-757.284,-157.814,260.955,-209.479,-137.089,246.072,,,,-881.943,-187.987,266.914,661.054,-64.7026,262.859
13794,0,34.0503,-109.822,332.293,-58.5837,-122.377,297.383,-126.081,-155.585,249.499,-212.715,-146.651,263.088,-310.841,-156.259,265.309,-396.302,-179.762,259.164,-476.24,-139.95,272.196,-561.398,-186.248,264.183,-666.385,-173.623,272.832,-754.313,-158.678,261.561,-209.465,-137.076,246.073,,,,-881.939,-187.998,266.934,661.06,-64.7307,262.877
13795,0,36.0079,-109.362,332.81,-57.1291,-121.215,298.937,-123.813,-154.849,249.731,-211.121,-145.741,262.758,-308.619,-154.99,265.408,-394.471,-180.889,258.727,-473.143,-139.844,272.216,-558.555,-185.36,264.518,-662.974,-173.656,272.707,-751.181,-159.771,262.046,-209.476,-137.079,246.103,,,,-881.959,-188.024,266.914,661.063,-64.7216,262.86
13796,0,38.3504,-108.794,333.316,-55.6583,-119.885,300.636,-121.995,-154.872,250.608,-208.924,-146.104,262.172,-306.806,-154.02,265.688,-392.286,-181.988,258.001,-470.821,-138.681,272.312,-555.73,-184.265,264.618,-659.54,-174.322,272.959,-747.736,-160.317,262.341,-209.469,-137.072,246.103,,,,-881.959,-188.025,266.914,661.054,-64.7028,262.859
13797,0,40.0748,-109.164,333.653,-54.2095,-118.868,302.011,-119.926,-154.722,251.157,-206.996,-146.116,261.439,-304.75,-152.825,265.796,-390.053,-182.847,257.527,-467.959,-138.273,272.232,-553.134,-182.801,265.207,-656.059,-174.538,272.691,-744.332,-162.036,262.643,-209.468,-137.07,246.087,,,,-881.959,-188.024,266.914,661.062,-64.6949,262.86
13798,0,42.088,-108.952,334.179,-52.8009,-117.932,303.261,-117.774,-154.713,251.903,-204.825,-146.907,260.867,-302.68,-151.672,265.778,-387.878,-183.809,257.05,-465.248,-137.894,272.105,-550.61,-181.418,265.518,-652.775,-175.055,272.608,-741.496,-162.813,263.708,-209.45,-137.056,246.08,,,,-881.936,-188.002,266.912,661.054,-64.7027,262.859
13799,0,44.0364,-108.691,334.633,-51.0409,-117.595,304.8,-115.826,-154.187,252.709,-202.477,-147.351,260.587,-300.932,-150.26,266.222,-385.741,-184.748,256.987,-462.795,-137.674,272.365,-548.086,-179.88,266.222,-649.544,-175.307,272.934,-738.305,-163.727,264.325,-209.452,-137.115,246.09,,,,-881.943,-187.976,266.926,661.062,-64.6923,262.854
13800,0,46.276,-108.261,335.338,-49.5609,-116.501,306.163,-113.985,-153.584,253.255,-200.722,-147.787,260.16,-298.762,-149.229,266.313,-383.629,-185.511,257.223,-459.94,-138.42,272.381,-545.534,-178.572,266.531,-646.141,-175.736,272.644,-735.14,-164.623,265.024,-209.454,-137.065,246.118,,,,-881.943,-187.976,266.927,661.059,-64.7033,262.854
13801,0,47.9096,-108.585,336.201,-47.945,-115.687,307.225,-112.251,-153.388,254.05,-198.549,-148.38,259.838,-296.749,-148.41,266.375,-381.835,-186.637,256.693,-457.448,-138.277,272.599,-543.288,-176.591,267.195,-642.754,-176.714,272.267,-731.899,-165.844,265.618,-209.477,-137.088,246.154,,,,-881.927,-187.94,266.926,661.054,-64.7,262.852
13802,0,49.6901,-108.464,336.976,-46.2782,-115.02,308.358,-110.144,-153.037,254.803,-196.8,-148.772,259.09,,,,,,,-454.665,-139.279,272.606,-540.984,-174.841,267.72,-639.282,-177.948,272.193,-728.779,-166.792,266.037,-209.477,-137.097,246.16,,,,-881.933,-187.925,266.927,661.054,-64.7027,262.859
13803,0,51.3718,-108.59,337.889,-44.7914,-114.422,309.533,-108.403,-152.384,255.346,-194.576,-149.094,258.89,-292.799,-145.445,266.372,,,,-451.884,-139.74,272.849,-538.551,-173.414,268.156,-635.97,-178.833,272.04,-725.51,-167.419,266.103,-209.401,-137.03,246.076,,,,-881.91,-187.903,266.926,661.067,-64.7072,262.853
13804,0,52.9824,-108.403,338.992,-43.1977,-114.178,310.759,-106.565,-152.479,255.898,-192.559,-149.349,258.133,-290.711,-144.311,266.391,,,,-449.534,-140.631,272.845,-536.374,-171.334,268.929,-632.809,-179.463,271.708,-722.267,-167.987,266.58,-209.432,-136.986,246.098,,,,-881.91,-187.903,266.926,661.054,-64.7,262.852
13805,0,54.6902,-108.326,340.093,-41.52,-113.85,311.749,-104.613,-152.269,256.681,-190.307,-150.302,257.516,,,,-369.857,-185.235,256.152,-446.783,-141.819,272.743,-534.077,-169.648,269.273,-629.762,-180.016,271.327,-719.435,-169.176,266.82,-209.517,-136.939,246.32,,,,-881.874,-187.905,266.921,661.053,-64.7138,262.852
13806,0,56.3174,-107.527,341.255,-40.657,-113.275,313.199,-102.977,-152.024,257.297,-188.368,-151.084,257.054,-286.612,-142.282,266.573,,,,-443.899,-142.745,272.58,-531.56,-168.267,269.906,-626.738,-180.857,270.877,,,,-209.561,-136.988,246.332,,,,-881.893,-187.867,266.925,661.054,-64.7001,262.852
13807,0,57.3698,-108.072,342.374,-39.5345,-113.006,314.797,-101.308,-152.011,258.01,-185.67,-151.594,256.582,-283.788,-142.898,266.928,,,,-441.587,-143.63,272.822,-529.251,-166.693,270.085,-623.816,-181.792,270.389,,,,-209.574,-136.962,246.253,,,,-881.877,-187.83,266.925,661.067,-64.7071,262.853
13808,0,59.049,-107.557,343.477,-38.1573,-112.943,316.335,-98.8945,-152.943,258.773,-183.944,-153.133,255.859,-281.509,-142.553,267.195,,,,-439.116,-144.984,272.634,-527.194,-164.576,270.588,-620.905,-182.763,269.815,,,,-209.619,-137.047,246.133,,,,-881.88,-187.82,266.905,661.045,-64.7077,262.851
13809,0,60.3911,-107.259,344.665,-36.8787,-113.222,317.986,-97.3195,-152.622,259.533,-182.078,-154.216,255.219,,,,-362.058,-185.537,256.395,-436.952,-145.991,272.499,-524.704,-163.075,270.935,-617.88,-184.748,268.781,,,,-209.613,-137.016,246.049,,,,-881.864,-187.784,266.904,661.057,-64.729,262.852
13810,0,61.5914,-107.19,345.751,-35.7274,-113.066,319.609,-96.0653,-152.008,260.298,-179.757,-155.119,254.538,,,,,,,-434.75,-147.336,272.292,-522.25,-161.772,270.949,,,,,,,-209.637,-137.026,246.066,,,,-881.864,-187.783,266.904,661.044,-64.7222,262.851
13811,0,62.9418,-107.1,347.018,-34.594,-113.047,321.449,-93.9132,-152.506,261.232,-177.65,-156.614,253.718,,,,-357.898,-183.389,256.839,-433.038,-148.786,272.129,-520.289,-159.903,271.05,,,,,,,-209.612,-137.004,245.928,,,,-881.863,-187.783,266.899,661.057,-64.7319,262.858
13812,0,64.375,-106.905,348.097,-33.3434,-113.261,323.185,-92.2655,-152.324,262.363,-175.208,-158.133,253.596,-272.041,-139.711,267.496,-354.557,-183.574,256.99,-430.725,-150.579,271.796,-518.181,-158.393,271.395,-609.321,-189.212,265.21,-696.87,-171.064,267.742,-209.576,-136.894,245.935,,,,-881.847,-187.748,266.903,661.044,-64.7249,262.858
13813,0,65.7816,-106.991,349.261,-31.8734,-113.375,325.162,-90.7439,-152.025,263.597,-173.277,-158.973,252.563,-269.907,-139.034,267.767,,,,-428.769,-152.761,271.635,-516.19,-156.756,271.568,-606.597,-190.281,264.199,-693.755,-171.316,267.938,-209.516,-136.828,245.823,,,,-881.847,-187.747,266.904,661.044,-64.7219,262.851
13814,0,67.36,-107.168,350.38,-30.6297,-113.752,327.188,-89.7437,-151.004,265,-171.041,-159.519,251.978,-267.329,-139.338,268.237,,,,-427.045,-153.877,271.353,-514.121,-155.256,271.659,-603.989,-191.615,262.958,-690.712,-171.897,267.773,-209.473,-136.681,246.041,,,,-881.853,-187.734,266.905,661.044,-64.7219,262.851
13815,0,68.9322,-107.405,351.721,-29.4593,-113.864,329.252,-88.1956,-150.634,266.457,-169.088,-160.777,251.576,-265.044,-138.317,267.963,-348.632,-179.559,257.885,-425.036,-155.961,270.822,-511.904,-153.892,271.736,-601.726,-192.198,261.984,-687.25,-172.571,267.54,-209.51,-136.734,245.848,,,,-881.854,-187.733,266.905,661.044,-64.7219,262.851
13816,0,70.7814,-107.499,352.971,-27.9756,-114.082,331.484,-86.7096,-150.309,268.093,-166.635,-161.771,250.555,-262.611,-137.731,267.842,,,,-423.504,-157.272,270.529,-510.086,-152.186,271.784,-599.343,-193.421,260.459,-684.548,-171.926,267.858,-209.545,-136.733,246.018,,,,-881.854,-187.733,266.905,661.044,-64.7219,262.851
13817,0,72.7774,-107.854,354.144,-26.1746,-114.692,333.826,-85.6473,-149.593,269.906,,,,-260.043,-138.024,267.984,-344.551,-176.69,258.762,-421.562,-160.186,270.085,-507.999,-150.944,271.908,-596.822,-195.191,258.896,-681.498,-172.231,267.735,-209.57,-136.69,246.031,,,,-881.86,-187.72,266.906,661.044,-64.7219,262.851
13818,0,74.7573,-108.141,355.3,-24.4776,-115.008,336.044,-84.4868,-148.757,271.87,-161.841,-165.091,249.605,-257.392,-138.452,268.008,-342.698,-175.286,259.101,-420.722,-160.85,269.25,-505.941,-149.732,272.194,,,,-678.483,-172.13,267.645,-209.556,-136.659,245.942,,,,-881.856,-187.664,266.95,661.044,-64.7248,262.858
13819,0,76.5446,-108.498,356.468,-22.7582,-115.451,338.515,-83.1837,-148.237,273.854,-159.505,-166.712,249.184,-254.918,-138.657,268.109,-340.525,-173.755,259.757,-419.131,-162.351,268.128,-504.337,-148.689,272.69,,,,-675.276,-172.566,267.557,-209.611,-136.674,246.019,,,,-881.88,-187.68,266.91,661.057,-64.732,262.858
13820,0,78.7185,-108.937,357.598,-20.8524,-116.417,340.993,-81.873,-147.4,276.101,-156.942,-167.843,248.615,-252.285,-138.665,268.186,-338.846,-172.012,260.54,-417.205,-165.583,267.757,,,,,,,-672.728,-172.11,267.811,-209.637,-136.649,246.035,,,,-881.88,-187.681,266.91,661.054,-64.7002,262.852
13821,0,80.7402,-109.318,358.805,-18.5941,-117.094,343.42,-80.4888,-146.734,278.582,-154.047,-169.428,248.086,-249.374,-139.36,267.851,-336.898,-170.389,261.183,-415.489,-168.335,266.749,,,,-587.761,-196.924,254.24,-669.898,-172.185,267.667,-209.664,-136.677,246.02,,,,-881.886,-187.668,266.911,661.044,-64.7244,262.858
13822,0,83.1779,-109.497,359.866,-16.4263,-118.131,345.919,-79.0404,-146.435,281.072,-151.343,-170.734,247.604,-246.567,-139.683,267.745,-334.891,-168.707,261.784,-413.895,-170.032,266.064,-498.478,-145.453,274.573,-585.843,-198.927,253.063,-666.761,-172.599,267.729,-209.642,-136.652,246.027,,,,-881.886,-187.668,266.911,661.044,-64.7222,262.851
13823,0,85.2667,-109.62,360.749,-14.4836,-118.869,348.396,-77.9161,-145.634,283.688,-148.336,-171.49,247.156,-243.539,-140.665,267.177,-332.081,-167.909,262.507,,,,-495.951,-143.82,274.403,,,,-664.466,-172.536,268.028,-209.641,-136.65,246.028,,,,-881.88,-187.669,266.923,661.035,-64.7327,262.856
13824,0,87.725,-109.766,361.706,-12.0559,-119.486,350.909,-76.6263,-144.785,286.277,-145.707,-171.595,246.425,-240.572,-141.555,266.539,-329.313,-166.879,262.836,,,,-494.163,-143.453,275.207,,,,-661.868,-172.817,268.699,-209.693,-136.709,246.012,,,,-881.896,-187.717,266.911,661.053,-64.7551,262.864
13825,0,90.0912,-109.963,362.499,-9.84474,-120.097,353.415,-74.9372,-144.402,289.043,-142.751,-172.415,246.341,-238.12,-142.968,265.973,-327.137,-165.606,263.587,,,,-492.429,-142.521,275.98,,,,-659.295,-173.231,269.222,-209.697,-136.75,246.037,,,,-881.902,-187.705,266.912,661.055,-64.7415,262.852
13826,0,92.9221,-109.716,363.305,-6.99871,-120.98,355.865,-73.5084,-143.629,292.087,-139.271,-173.202,246.563,,,,-324.568,-163.959,264.584,-407.641,-175.813,261.518,-490.07,-142.184,276.629,,,,-656.517,-173.83,269.555,-209.705,-136.717,246.101,,,,-881.903,-187.704,266.912,661.066,-64.7187,262.858
13827,0,95.5251,-109.637,363.904,-4.38805,-121.791,358.221,-72.0515,-143.138,295.121,,,,,,,-322.173,-162.978,264.494,-405.48,-177.366,260.362,-487.84,-142.377,277.252,-575.482,-199.99,249.922,-654.112,-174.051,270.335,-209.718,-136.736,246.207,,,,-881.896,-187.717,266.911,661.075,-64.7079,262.853
13828,0,98.4491,-109.268,364.588,-1.64707,-122.284,360.443,-70.4694,-142.645,298.181,-132.83,-174.48,247.051,-228.365,-144.453,264.287,-319.491,-161.645,265.374,-403.325,-178.84,259.301,-485.515,-142.478,278.007,,,,-651.485,-174.843,270.812,-209.818,-136.847,246.185,,,,-881.913,-187.754,266.911,661.069,-64.7049,262.847
13829,0,101.247,-109.371,364.945,1.2519,-122.41,362.4,-68.7814,-141.933,301.472,-129.69,-174.697,247.289,-225.593,-146.195,263.609,,,,-401.068,-180.707,257.94,-483.407,-142.411,278.846,-571.608,-199.647,249.195,-648.985,-175.27,271.715,-209.974,-137.092,246.099,,,,-881.913,-187.755,266.911,661.057,-64.6858,262.847
13830,0,104.537,-108.7,365.278,4.31937,-122.495,364.79,-67.0211,-141.616,304.546,-126.366,-174.542,247.953,-222.477,-147.719,262.744,-313.914,-158.859,266.235,-398.515,-181.992,256.771,-481.135,-142.546,279.456,-569.396,-199.279,249.035,-646.309,-175.621,272.557,-209.991,-137.149,246.158,,,,-881.913,-187.754,266.911,661.054,-64.6997,262.852
13831,0,107.64,-108.667,365.276,7.93933,-123.681,366.708,-65.13,-140.871,307.746,-123.139,-174.978,248.85,-219.275,-149.013,261.956,-310.822,-157.795,266.574,-396.19,-182.81,255.331,-478.879,-143.128,280.244,-567.278,-199.619,248.794,-643.584,-176.38,272.998,-210.007,-137.218,246.151,,,,-881.913,-187.754,266.911,661.054,-64.7,262.852
13832,0,110.785,-108.153,365.178,11.3281,-124.164,368.518,-63.2451,-140.824,310.794,-120.189,-174.632,249.92,-216.088,-149.985,261.105,-307.857,-156.685,267.139,-393.228,-183.679,254.447,-475.977,-143.879,280.628,-565.462,-199.442,248.817,-641.166,-177.088,273.486,-210.013,-137.242,246.115,,,,-881.929,-187.79,266.912,661.054,-64.7,262.852
13833,0,114.144,-107.631,365.021,14.4333,-123.896,370.069,-61.1991,-140.826,313.951,-116.953,-174.375,251.339,-213.022,-151.599,260.284,,,,-390.089,-184.952,253.515,-473.299,-145.226,281.114,-563.435,-199.147,248.863,-638.336,-177.661,273.822,-209.999,-137.288,246.094,,,,-881.929,-187.791,266.912,661.063,-64.695,262.86
13834,0,117.493,-107.402,364.566,18.3173,-124.828,371.494,-58.7763,-140.629,317.116,-113.836,-173.943,252.957,-209.995,-152.64,259.638,-301.572,-154.331,267.711,-386.732,-185.663,252.609,-470.038,-147.056,281.456,-561.315,-198.731,249.239,-635.77,-178.555,273.807,-209.948,-137.298,246.083,,,,-881.907,-187.838,266.928,661.054,-64.6999,262.852
13835,0,121.105,-106.927,364.106,21.9599,-124.699,372.842,-56.7078,-139.964,320.006,-110.891,-173.322,254.507,,,,,,,-383.167,-187,252.121,-467.102,-148.065,281.862,-559.195,-198.397,249.862,-633.075,-179.346,273.693,-209.894,-137.242,246.105,,,,-881.906,-187.84,266.928,661.054,-64.7,262.852
13836,0,124.462,-106.833,363.509,26.0576,-125.443,373.82,-54.0576,-140.209,322.857,-107.8,-172.768,256.442,,,,,,,,,,-464.181,-149.66,282.065,-557.138,-198.029,250.566,-630.708,-180.487,273.191,-209.863,-137.253,246.133,,,,-881.903,-187.843,266.906,661.054,-64.7028,262.859
13837,0,128.27,-106.223,363.036,29.7224,-125.359,374.651,-51.4753,-139.587,325.577,-104.985,-172.331,258.179,-200.852,-157.088,256.682,,,,-376.598,-186.66,251.056,-460.95,-151.225,282.064,-554.839,-197.278,251.161,,,,-209.79,-137.165,246.175,,,,-881.917,-187.889,266.927,661.054,-64.7028,262.859
13838,0,132.076,-106.023,362.39,33.6155,-125.343,375.457,-48.8562,-139.82,328.201,-102.16,-171.268,260.241,-197.791,-158.425,255.538,,,,-372.888,-186.902,250.812,-457.656,-153.076,281.999,-552.863,-196.552,252.188,,,,-209.803,-137.241,246.159,,,,-881.91,-187.903,266.926,661.054,-64.7028,262.859
13839,0,135.858,-105.699,361.463,37.7688,-125.547,376.2,-45.9255,-139.527,330.556,-99.1983,-170.566,262.184,-194.528,-160.204,254.576,,,,-369.431,-186.468,250.749,-454.458,-155.028,282.002,-550.68,-195.575,253.213,,,,-209.809,-137.306,246.143,,,,-881.91,-187.915,266.913,661.054,-64.7028,262.859
13840,0,139.78,-105.362,360.758,41.9076,-125.724,376.574,-42.6381,-139.312,332.886,,,,-191.096,-161.476,253.553,,,,-365.746,-185.523,250.831,-451.257,-156.53,281.597,-548.217,-194.526,254.64,,,,-209.805,-137.352,246.17,,,,-881.89,-187.953,266.909,661.054,-64.7028,262.859
13841,0,143.645,-105.031,359.632,45.8237,-125.783,377.087,-39.3438,-139.285,335.133,-93.8476,-167.944,265.912,-187.686,-162.869,252.563,-277.849,-147.172,269.293,-362.611,-184.375,251.183,-448.162,-157.867,281.184,-545.935,-193.819,255.833,,,,-209.822,-137.421,246.163,,,,-881.907,-187.99,266.909,661.054,-64.7028,262.859
13842,0,147.713,-104.156,358.531,50.1422,-125.342,377.328,-36.114,-139.609,337.157,-90.988,-166.94,267.645,-184.21,-164.123,251.315,-274.254,-146.164,268.902,-358.724,-183.921,251.763,-444.738,-159.553,280.525,-543.637,-192.968,257.116,,,,-209.817,-137.486,246.147,,,,-881.907,-187.991,266.909,661.055,-64.7079,262.851
13843,0,151.542,-103.403,357.286,54.7842,-125.577,377.471,-32.5135,-139.713,339,-88.0353,-166.893,269.633,-180.595,-165.34,250.118,-270.401,-146.041,268.529,-355.477,-182.725,252.538,-441.499,-161.122,279.687,-541.436,-191.494,258.914,,,,-209.862,-137.594,246.116,,,,-881.917,-188.04,266.908,661.05,-64.7018,262.844
13844,0,155.444,-102.338,355.944,58.9554,-125.644,377.699,-28.9621,-139.7,340.892,-85.5304,-166.061,271.316,-176.96,-166.527,249.185,-266.794,-145.726,268.236,-352.208,-181.119,253.524,-438.247,-162.416,278.741,-539.377,-190.064,260.457,,,,-209.817,-137.539,246.17,,,,-881.917,-188.041,266.908,661.055,-64.705,262.844
13845,0,159.107,-101.797,354.456,63.4189,-126.04,377.374,-25.2152,-139.858,342.537,-82.2407,-164.391,273.231,-173.501,-167.593,248.143,-263.107,-145.51,267.866,-349.331,-180.019,254.666,-435.085,-163.796,277.565,-537.244,-188.723,261.965,,,,-209.697,-137.408,246.305,,,,-881.917,-188.04,266.908,661.055,-64.7051,262.844
13846,0,163.037,-101.056,352.912,67.9837,-126.311,376.968,-21.4559,-139.994,344.171,-79.329,-164.751,275.37,-169.808,-168.814,247.054,-259.494,-145.918,267.487,-346.268,-178.672,255.805,-432.56,-163.969,276.284,-534.903,-187.239,263.494,-611.192,-195.769,258.352,-209.739,-137.527,246.243,,,,-881.933,-188.076,266.909,661.055,-64.7079,262.851
13847,0,167.118,-100.125,351.333,72.6244,-126.061,376.349,-17.5549,-140.111,345.322,-76.8186,-163.35,277.204,-166.415,-169.91,245.863,-255.856,-146.433,267.39,-343.401,-177.642,257.005,-430.004,-164.848,274.68,-532.592,-185.662,264.81,-609.358,-197.141,256.555,-209.852,-137.686,246.178,,,,-881.933,-188.077,266.909,661.047,-64.7157,262.849
13848,0,171.494,-99.2614,349.559,77.3036,-125.874,375.406,-13.373,-140.568,346.516,-74.4662,-161.219,279.334,-162.855,-170.985,244.766,-252.451,-147.203,267.166,-340.501,-176.474,258.239,-427.209,-165.515,273.335,-530.241,-184.224,266.259,-607.178,-198.651,254.651,-209.785,-137.641,246.236,,,,-881.933,-188.077,266.909,661.055,-64.708,262.851
13849,0,175.9,-98.4344,347.455,82.2064,-125.51,374.648,-9.15846,-141.075,347.404,,,,-159.529,-172.002,243.864,-248.94,-147.828,266.902,-337.622,-175.127,259.434,-423.727,-167.829,271.698,-527.79,-182.677,267.639,-604.889,-199.931,252.557,-209.818,-137.602,246.407,,,,-881.93,-188.086,266.929,661.045,-64.7269,262.843
13850,0,179.785,-98.1101,345.108,86.7402,-125.05,373.45,-4.9821,-141.297,348.279,-69.2679,-158.99,283.471,-156.228,-172.036,243.284,-245.643,-148.223,266.543,-334.894,-173.55,260.666,-420.688,-169.291,270.085,-525.454,-180.861,268.743,-602.624,-201.068,250.476,-209.653,-137.414,246.557,,,,-881.923,-188.1,266.928,661.055,-64.7054,262.844
13851,0,183.797,-97.8718,342.642,91.5346,-124.587,372.324,-0.725416,-140.516,348.961,-66.6841,-158.284,285.501,-152.758,-172.471,243.065,-242.465,-148.613,266.375,-332.126,-172.014,261.798,-417.984,-170.631,268.52,-522.828,-179.143,270.11,-599.773,-201.492,248.101,-209.12,-136.761,246.817,,,,-881.904,-188.138,266.924,661.037,-64.7346,262.842
13852,0,188.431,-96.6701,340.008,96.0896,-124.281,370.916,3.59573,-140.481,349.523,-64.1388,-157.418,287.593,-149.824,-172.743,242.738,-239.234,-148.754,265.91,-329.367,-170.603,263.093,-415.253,-171.942,266.912,-519.779,-177.431,271.025,-596.89,-202.033,246.227,-209.117,-136.732,246.842,,,,-881.939,-188.137,266.923,661.046,-64.7132,262.843
13853,0,192.676,-96.5946,337.068,100.832,-123.486,369.293,8.09525,-139.998,349.692,,,,-146.122,-172.614,242.629,-236.583,-149.454,265.592,-326.338,-169.011,264.053,-412.682,-172.409,265.404,-516.942,-175.987,271.924,-593.809,-202.194,244.064,-210.068,-137.904,246.358,,,,-881.904,-188.138,266.918,661.035,-64.7296,262.85
13854,0,197.105,-96.4571,333.988,105.796,-122.365,367.407,12.2991,-139.936,349.86,,,,-142.962,-172.833,242.858,,,,-324.39,-167.004,265.122,-410.084,-173.325,263.995,-514.128,-174.452,272.557,-590.53,-202.351,242.282,-209.953,-137.799,246.368,,,,-881.903,-188.138,266.918,661.044,-64.7269,262.855
13855,0,201.637,-96.2235,330.898,110.349,-121.806,365.257,16.8334,-139.462,349.889,-55.6181,-155.333,293.272,-139.298,-173.236,242.935,,,,-321.238,-165.15,265.29,-407.436,-174.987,262.616,-511.078,-173.079,273.296,-587.112,-201.93,240.586,-209.86,-137.617,246.449,,,,-881.904,-188.139,266.924,661.045,-64.7299,262.849
13856,0,206.217,-96.1663,327.707,115.311,-120.949,363.096,21.4607,-139.382,349.562,-52.5008,-153.769,294.588,-136.206,-172.581,243.089,-226.722,-150.908,263.686,-318.308,-163.873,265.941,-405.014,-175.353,261.275,-508.266,-171.395,273.88,-583.438,-201.244,238.992,-209.863,-137.617,246.45,,,,-881.923,-188.101,266.928,661.046,-64.7293,262.855
13857,0,210.956,-96.069,324.483,119.981,-120.295,360.496,26.0418,-138.564,348.971,-49.5023,-152.849,296.128,-132.658,-171.874,243.423,-223.714,-150.924,263.401,-315.595,-162.685,266.08,-402.983,-175.151,259.94,-505.221,-169.834,274.498,-580.013,-200.164,237.936,-209.832,-137.52,246.447,,,,-881.923,-188.1,266.928,661.055,-64.708,262.851
13858,0,215.857,-95.6186,321.129,124.927,-119.048,357.945,30.7141,-137.824,348.452,-46.1752,-152.645,297.527,-129.378,-171.489,243.81,-220.444,-152.467,263.317,-312.956,-160.922,266.385,-400.62,-176.035,258.649,-502.051,-168.773,274.708,-576.596,-199.476,236.993,-209.183,-136.717,246.768,,,,-881.906,-188.064,266.927,661.054,-64.7027,262.859
13859,0,220.632,-95.7388,317.46,130.028,-117.878,355.052,35.5536,-136.824,347.477,-42.9582,-152.103,298.684,-125.888,-170.766,244.284,-217.526,-152.578,262.176,-310.358,-159.348,266.952,-398.036,-176.891,257.424,,,,-572.862,-198.971,236.874,-209.089,-136.545,246.824,,,,-881.907,-188.063,266.927,661.045,-64.7296,262.849
13860,0,225.722,-95.3065,313.816,134.765,-117.125,351.933,40.1917,-135.64,346.278,-39.1437,-150.219,299.241,-122.922,-170.412,244.836,-214.293,-153.759,262.156,-307.467,-158.349,267.247,-395.525,-177.786,256.615,-495.345,-167.233,275.183,-569.548,-198.55,237.304,-209.108,-136.519,246.823,,,,-881.9,-188.005,266.908,661.042,-64.7416,262.85
13861,0,230.465,-95.2245,310.032,139.774,-116.18,348.474,45.2189,-134.507,344.782,-36.3125,-148.701,300.555,-119.754,-169.61,245.368,-211.502,-153.541,261.547,-304.568,-156.897,267.497,-393.073,-178.057,255.441,-492.831,-164.716,275.425,-566.083,-197.893,237.956,-209.115,-136.528,246.821,,,,-881.884,-187.967,266.907,661.047,-64.716,262.849
13862,0,235.556,-94.7242,306.023,144.747,-115.233,345.041,49.5712,-132.861,343.119,-32.7111,-147.157,301.356,-116.841,-168.085,245.877,,,,-301.916,-155.703,267.535,-390.46,-178.95,254.717,,,,-562.893,-197.521,239.098,-209.103,-136.465,246.802,,,,-881.9,-188.003,266.908,661.048,-64.7368,262.851
13863,0,240.556,-94.4819,302.02,149.843,-114.577,340.844,54.5377,-131.773,340.987,-28.8633,-147.041,301.876,-113.842,-167.247,246.775,-205.298,-154.436,260.384,-298.925,-154.182,267.596,-388.157,-178.997,253.914,,,,-560.052,-197.01,240.394,-209.16,-136.513,246.789,,,,-881.9,-188.004,266.908,661.056,-64.705,262.85
13864,0,245.861,-93.7389,297.951,154.742,-113.591,336.52,59.6949,-130.648,338.868,-25.053,-146.122,302.378,-110.546,-165.524,247.81,-202.406,-154.706,259.703,,,,-385.664,-179.517,253.239,-485,-159.137,274.737,-557.203,-196.47,241.867,-209.106,-136.416,246.79,,,,-881.891,-187.943,266.921,661.045,-64.7074,262.851
13865,0,251.207,-93.1213,293.73,159.896,-112.521,331.956,64.8282,-129.769,336.357,-20.8292,-145.417,302.312,-107.756,-163.927,248.557,-199.51,-154.809,258.83,,,,-382.828,-179.494,252.544,-482.224,-157.402,273.965,-554.615,-196.27,243.67,-209.148,-136.395,246.788,,,,-881.891,-187.941,266.922,661.037,-64.7349,262.842
13866,0,256.583,-91.9861,289.553,164.981,-111.561,326.894,70.2549,-128.214,333.635,-16.6055,-144.289,302.04,-104.54,-163.205,249.832,-196.62,-154.778,257.995,,,,-380.28,-179.303,252.171,-479.636,-156.292,273.504,-552.159,-196.041,245.687,-209.153,-136.401,246.786,,,,-881.916,-187.89,266.927,661.055,-64.7055,262.844
13867,0,261.881,-90.9324,285.451,170.261,-110.561,321.856,75.4158,-127.137,330.17,-12.5068,-142.471,301.557,-101.369,-162.184,250.669,,,,-287.477,-149.901,267.401,-377.365,-180.071,252.138,-476.503,-155.354,272.879,-549.638,-195.015,247.549,-209.145,-136.341,246.795,,,,-881.917,-187.888,266.927,661.067,-64.707,262.853
13868,0,267.595,-89.098,281.446,175.438,-109.504,316.167,80.6122,-125.658,326.558,-8.00422,-141.066,300.842,-98.3393,-160.736,251.709,,,,-284.452,-149.462,267.408,-374.521,-179.887,252.081,-473.54,-154.544,272.341,-547.447,-194.296,249.765,-209.668,-136.943,246.703,,,,-881.917,-187.889,266.927,661.053,-64.716,262.85
13869,0,273.061,-87.7187,277.001,180.547,-108.604,310.422,85.9791,-124.468,322.348,-3.53209,-139.852,299.524,-95.1231,-159.848,252.556,,,,-281.685,-148.562,267.174,-371.994,-179.148,252.244,-470.801,-153.002,271.518,-545.163,-192.898,251.771,-209.258,-136.36,246.76,,,,-881.917,-187.889,266.927,661.054,-64.7001,262.852
13870,0,278.067,-86.3055,272.459,185.537,-107.46,304.605,91.2017,-123.318,317.757,0.85406,-138.42,297.959,-91.8078,-159.097,253.491,-184.813,-154.336,255.116,-278.527,-147.604,267.183,-369.007,-178.979,252.077,-467.322,-153.108,271.126,-542.644,-191.608,253.66,-209.225,-136.24,246.781,,,,-881.9,-187.853,266.926,661.058,-64.7339,262.844
13871,0,283.115,-83.565,267.804,190.526,-106.31,298.65,96.3707,-122.046,313.015,5.56336,-137.37,295.8,-88.777,-157.872,254.062,-181.761,-155.137,255.002,-275.58,-146.755,267.505,-365.199,-179.609,252.099,-464.232,-152.05,270.689,-539.931,-190.189,255.275,-209.453,-136.547,246.741,,,,-881.919,-187.814,266.93,661.054,-64.7004,262.852
13872,0,288.124,-80.6991,262.324,195.412,-105.377,293.075,101.381,-120.645,307.98,10.1479,-136.221,293.355,-85.3602,-156.98,254.518,-178.919,-155.323,254.644,-272.508,-146.404,267.38,,,,-460.879,-152.27,270.203,-537.263,-188.727,257.045,-209.844,-136.941,246.471,,,,-881.923,-187.809,266.952,661.045,-64.7045,262.845
13873,0,292.22,-77.3328,259.887,200.159,-104.13,287.619,106.196,-119.656,302.927,14.7044,-135.452,290.505,-82.2416,-156.519,254.831,-175.58,-155.636,254.039,-268.83,-145.998,267.409,-359.679,-177.233,253.521,-457.99,-151.94,269.734,-534.839,-186.889,258.467,-209.729,-136.762,246.402,,,,-881.929,-187.797,266.954,661.037,-64.732,262.835
13874,0,297.15,-74.5226,258.063,204.438,-103.679,281.861,110.619,-118.655,297.835,19.1122,-135.251,287.525,-78.6614,-156.228,254.651,-172.858,-155.51,253.243,-266.086,-145.182,267.519,-356.636,-176.311,254.233,-454.94,-152.149,269.334,-532.622,-184.778,259.508,-209.942,-137.005,246.375,,,,-881.932,-187.787,266.933,661.037,-64.7324,262.835
13875,0,301.751,-71.2202,256.049,208.272,-102.355,276.839,114.645,-117.821,292.854,,,,-75.8984,-155.397,254.184,-169.932,-155.413,252.498,-263.097,-143.865,267.366,,,,-452.047,-152.386,269.222,-530.27,-182.448,260.403,-210.003,-137.009,246.342,,,,-881.91,-187.752,266.944,661.037,-64.735,262.842
13876,0,306.061,-69.4356,253.972,212.427,-101.737,273.006,118.835,-117.04,287.232,26.9969,-134.216,281.22,-72.6403,-154.806,253.206,-166.879,-155.472,251.012,-259.644,-144.879,267.338,-350.67,-174.602,256.482,-449.344,-152.407,269.184,-528.134,-180.175,261.526,-209.91,-136.812,246.456,,,,-881.916,-187.738,266.945,661.037,-64.7351,262.842
13877,0,309.796,-67.7718,252.097,216.069,-99.3818,269.681,122.545,-116.848,281.981,31.1046,-134.377,277.26,-69.5908,-154.314,252.319,-164.069,-155.898,249.661,-256.812,-144.807,267.114,-348.143,-173.682,257.802,-446.387,-153.317,269.153,,,,-209.282,-135.989,246.775,,,,-881.899,-187.702,266.945,661.037,-64.7379,262.848
13878,0,312.818,-65.8999,250.552,219.605,-98.2031,266.764,126.087,-116.187,277.099,34.7472,-134.088,273.51,-66.6157,-153.589,251.158,-161.346,-156.174,248.507,-253.799,-145.358,267.028,-345.714,-172.975,258.993,-444.048,-153.74,269.171,-523.72,-176.497,263.369,-209.211,-135.895,246.799,,,,-881.893,-187.714,266.944,661.014,-64.7297,262.829
13879,0,316.251,-64.6289,249.17,223.119,-97.1157,263.781,129.532,-114.8,272.971,38.1283,-133.864,269.488,-63.7469,-152.461,249.631,-158.598,-155.864,247.376,-251.072,-145.402,267.051,-343.373,-172.29,260.109,-441.206,-154.602,269.358,-520.59,-173.938,263.388,-209.176,-135.826,246.766,,,,-881.876,-187.679,266.943,660.99,-64.7056,262.81
13880,0,319.126,-64.0082,247.903,226.195,-96.4138,261.173,132.347,-114.17,268.789,,,,-61.1532,-151.5,247.702,-156.091,-155.42,246.222,-248.67,-145.354,267.033,-340.929,-171.756,261.191,-438.748,-156.31,269.614,-518.51,-172.471,263.904,-209.176,-135.825,246.766,,,,-881.88,-187.681,266.91,660.99,-64.7053,262.81
13881,0,321.9,-62.9756,247.089,228.953,-96.0634,259.127,135.214,-113.375,264.693,44.0907,-132.387,261.567,-58.6508,-151.087,245.489,-153.832,-155.046,245.317,-245.977,-146.012,267.086,-338.893,-171.293,262.668,-436.285,-157.151,269.654,-515.947,-171.389,264.775,-209.186,-135.889,246.757,,,,-881.88,-187.681,266.91,660.98,-64.7277,262.809
13882,0,324.316,-62.8803,246.414,231.487,-95.6197,257.769,137.829,-112.496,260.87,46.2536,-130.127,257.714,-56.3365,-150.693,243.343,-151.652,-154.747,244.317,-243.412,-146.231,267.108,-336.309,-170.697,263.698,-433.72,-158.468,269.818,-514.208,-169.325,264.949,-209.139,-135.904,246.715,,,,-881.843,-187.683,266.906,660.978,-64.6866,262.809
13883,0,326.505,-62.8477,245.975,233.731,-95.6214,256.956,139.963,-112.247,257.144,48.6586,-128.935,253.812,-53.993,-149.454,241.092,-149.178,-154.139,242.653,-241.095,-146.281,266.876,-334.284,-169.439,264.933,-431.142,-160.392,269.575,-512.081,-168.206,265.073,-209.082,-135.906,246.721,,,,-881.843,-187.684,266.906,660.963,-64.6847,262.797
13884,0,328.128,-62.3976,245.777,235.849,-95.5556,256.507,142.237,-111.329,254.087,50.8212,-128.729,250.263,-51.921,-148.533,238.59,-147.099,-153.93,241.26,-238.879,-146.375,266.606,-332.441,-168.501,266.349,-429.206,-161.316,269.37,-510.272,-167.087,265.511,-209.088,-135.964,246.713,,,,-881.82,-187.661,266.904,660.953,-64.7073,262.796
13885,0,329.57,-62.0935,245.795,237.717,-95.3946,256.425,144.113,-110.803,251.135,52.9165,-127.892,246.525,,,,-145.13,-153.526,239.292,-237.102,-146.074,266.387,-330.185,-168.031,267.351,-426.974,-162.982,268.942,-508.648,-165.707,265.553,-209.041,-135.979,246.671,,,,-881.824,-187.651,266.884,660.942,-64.6883,262.795
13886,0,330.062,-61.926,245.907,239.237,-95.2593,256.318,145.844,-110.382,248.671,54.6734,-126.584,243.323,,,,-143.352,-153.142,237.736,-233.876,-147.558,266.071,-328.369,-166.756,268.428,-425.06,-164.672,268.333,-506.595,-165.478,265.868,-209.046,-136.036,246.663,,,,-881.82,-187.66,266.904,660.933,-64.6931,262.788
13887,0,330.647,-61.5035,246.355,241.101,-95.8012,256.677,147.75,-109.75,246.626,56.6388,-126.032,240.065,,,,-141.484,-152.683,235.805,-231.646,-148.218,265.961,-326.216,-166.085,269.474,-423.11,-165.933,267.885,-504.259,-165.704,266.235,-208.997,-136.048,246.67,,,,-881.794,-187.712,266.899,660.92,-64.6861,262.787
13888,0,331.249,-62.0266,247.146,242.567,-96.0418,257.158,149.499,-109.21,244.872,58.5558,-125.626,237.197,,,,-139.506,-152.094,233.771,-230.088,-148.07,265.786,-324.295,-165.634,270.463,-420.725,-167.558,267.165,,,,-208.993,-136.043,246.671,,,,-881.813,-187.675,266.897,660.92,-64.6906,262.776
13889,0,332.357,-62.3977,248.063,244.244,-96.498,257.554,151.04,-108.873,242.904,60.2948,-125.077,234.499,,,,-137.78,-151.621,231.765,-227.018,-149.336,265.262,-322.54,-164.358,271.517,-419.075,-169.077,266.345,,,,-208.995,-136.096,246.679,,,,-881.813,-187.672,266.897,660.921,-64.6959,262.767
13890,0,333.031,-62.8885,249.152,245.637,-96.6141,257.612,152.484,-108.552,241.368,62.0233,-124.499,232.173,,,,-136.081,-151.317,229.98,-224.581,-150.585,264.916,-320.654,-164.207,272.263,-416.915,-170.93,265.41,,,,-208.998,-136.101,246.678,,,,-881.811,-187.747,266.894,660.921,-64.696,262.767
13891,0,333.401,-63.4071,250.454,246.983,-96.9637,257.94,154.386,-108.379,240.029,63.7304,-123.887,229.707,,,,-134.219,-150.518,228.022,-222.551,-150.669,264.427,-318.289,-164.03,272.904,-415.223,-172.013,264.335,,,,-208.997,-136.1,246.678,,,,-881.81,-187.749,266.893,660.907,-64.6828,262.755
13892,0,333.704,-63.8305,251.823,248.466,-97.5724,258.114,156.105,-108.075,238.764,65.5329,-123.166,227.735,,,,-132.546,-149.945,226.099,-220.072,-151.631,263.423,-316.059,-163.862,273.624,,,,,,,-209.001,-136.104,246.706,,,,-881.843,-187.756,266.918,660.897,-64.6667,262.76
13893,0,334.341,-63.7612,252.922,249.975,-97.7838,258.339,157.782,-108.187,237.609,67.3211,-122.961,225.643,,,,-130.517,-149.741,224.455,-217.392,-152.639,262.965,-313.865,-163.272,274.213,,,,,,,-209.056,-136.151,246.711,,,,-881.86,-187.791,266.919,660.876,-64.7027,262.746
13894,0,334.637,-63.9536,253.937,251.502,-98.0738,258.695,159.631,-108.44,236.578,69.2112,-123.002,223.87,,,,-128.687,-148.715,222.609,-215.193,-152.695,262.099,-311.641,-163.221,274.775,,,,,,,-209.066,-136.163,246.737,,,,-881.86,-187.794,266.924,660.887,-64.6893,262.758
13895,0,334.646,-64.4628,254.751,252.899,-98.5476,259.055,161.382,-108.573,235.548,71.0134,-122.624,222.453,,,,-127.271,-148.242,221.458,-213.191,-152.828,261.076,-309.572,-162.662,275.19,,,,,,,-209.058,-136.153,246.756,,,,-881.877,-187.829,266.925,660.879,-64.6967,262.757
13896,0,334.802,-64.9457,255.193,254.474,-98.8927,259.547,163.101,-108.933,234.614,72.8893,-122.2,221.131,,,,-125.068,-147.56,219.756,-210.848,-153.219,260.112,-307.284,-162.583,275.864,,,,,,,-209.122,-136.209,246.768,,,,-881.9,-187.853,266.926,660.876,-64.7031,262.746
13897,0,335.027,-65.6874,255.229,256.075,-99.193,259.996,165.105,-109.259,233.782,74.7186,-121.608,219.644,,,,-123.319,-146.931,218.303,-208.504,-153.024,259.341,-305.067,-162.162,276.155,,,,,,,-209.122,-136.211,246.786,,,,-881.9,-187.853,266.926,660.876,-64.7031,262.746
13898,0,335.949,-66.1076,255.373,257.662,-99.2162,260.441,167.088,-109.644,232.987,76.7384,-121.517,218.261,,,,-121.204,-146.215,217.359,-206.88,-153.003,258.832,-303.352,-160.723,276.604,,,,,,,-209.185,-136.266,246.8,,,,-881.917,-187.889,266.927,660.891,-64.704,262.758
13899,0,336.944,-66.61,255.319,259.339,-99.3217,260.955,169.018,-109.417,232.186,78.7576,-121.724,217.05,,,,-119.337,-145.692,216.502,-204.504,-152.454,257.528,-301.076,-160.817,276.854,,,,,,,-209.244,-136.267,246.792,,,,-881.917,-187.89,266.927,660.876,-64.7031,262.746
13900,0,338.261,-66.8742,255.609,260.797,-99.4949,261.73,170.831,-109.302,231.917,81.0091,-121.63,216.092,,,,-117.544,-145.06,215.59,-202.21,-152.669,256.479,-298.787,-160.134,277.235,,,,,,,-209.25,-136.325,246.83,,,,-881.93,-187.935,266.948,660.889,-64.7102,262.747
13901,0,339.151,-67.6264,255.957,262.638,-99.3174,262.424,173.098,-109.713,231.631,83.1237,-121.525,214.974,,,,-115.132,-144.531,214.947,-200.175,-152.783,255.763,-296.984,-158.783,277.485,,,,,,,-209.639,-136.813,246.748,,,,-881.953,-187.959,266.95,660.9,-64.7295,262.747